id,account_id,date,balance,currency,created_at,updated_at
50c06077-f589-4efc-8286-414f8349a713,bab0ea2c-410f-4608-9c04-c465deb2eaf8,2022-08-25,40078,CAD,2024-05-18 07:00:25.874638,2024-05-18 07:00:25.874638
975e584f-31c4-4b61-b0c6-2b2f5480de7b,bab0ea2c-410f-4608-9c04-c465deb2eaf8,2022-06-09,32634,CAD,2024-05-18 07:00:25.874638,2024-05-18 07:00:25.874638
bc7ff3a8-2021-43f6-814c-1993d053226a,bab0ea2c-410f-4608-9c04-c465deb2eaf8,2022-01-29,70378,CAD,2024-05-18 07:00:25.874638,2024-05-18 07:00:25.874638
b7a23bb9-f6db-4ace-9305-a4a1bbeab7f7,bab0ea2c-410f-4608-9c04-c465deb2eaf8,2022-08-23,81497,CAD,2024-05-18 07:00:25.874638,2024-05-18 07:00:25.874638
f392abd9-ae54-4f9e-ac4e-1a841eeed876,bab0ea2c-410f-4608-9c04-c465deb2eaf8,2022-10-25,69800,CAD,2024-05-18 07:00:25.874638,2024-05-18 07:00:25.874638
203353a0-3423-472b-b8dc-b6a385847cb3,809e84a6-c368-46b2-85f5-0c3d0f415a3a,2022-04-09,84579,USD,2024-05-18 07:00:25.874638,2024-05-18 07:00:25.874638
b95e2a27-a354-4230-90c5-1e722ff7f7c4,809e84a6-c368-46b2-85f5-0c3d0f415a3a,2022-01-17,9444,USD,2024-05-18 07:00:25.874638,2024-05-18 07:00:25.874638
6e4b7854-e684-4037-9f7a-4b202dcda866,809e84a6-c368-46b2-85f5-0c3d0f415a3a,2022-04-24,49183,USD,2024-05-18 07:00:25.874638,2024-05-18 07:00:25.874638
3936d573-1513-4629-959c-c8700052ca4d,809e84a6-c368-46b2-85f5-0c3d0f415a3a,2022-04-03,82108,USD,2024-05-18 07:00:25.874638,2024-05-18 07:00:25.874638
d4fe5b79-ede0-4387-8b1d-76324b8e9706,809e84a6-c368-46b2-85f5-0c3d0f415a3a,2022-02-09,90747,USD,2024-05-18 07:00:25.874638,2024-05-18 07:00:25.874638
c534715b-e2c8-4911-9298-1624abd9137d,875d033a-17f6-4355-9f8c-f747002bbdb7,2022-01-31,49228,JPY,2024-05-18 07:00:25.874638,2024-05-18 07:00:25.874638
ba7be711-7c01-45a3-8db3-72e0e2462feb,875d033a-17f6-4355-9f8c-f747002bbdb7,2022-10-10,25467,JPY,2024-05-18 07:00:25.874638,2024-05-18 07:00:25.874638
caa9f233-b59c-45a4-a203-360b3ed3bb14,875d033a-17f6-4355-9f8c-f747002bbdb7,2022-05-20,46869,JPY,2024-05-18 07:00:25.874638,2024-05-18 07:00:25.874638
296225dd-c7e7-41b9-940b-61bbb310ea10,875d033a-17f6-4355-9f8c-f747002bbdb7,2022-09-18,90808,JPY,2024-05-18 07:00:25.874638,2024-05-18 07:00:25.874638
4af7cde5-9bdf-4656-9c8f-f233f217b76b,875d033a-17f6-4355-9f8c-f747002bbdb7,2022-01-16,60591,JPY,2024-05-18 07:00:25.874638,2024-05-18 07:00:25.874638
1758c028-8c90-44dc-b097-2cc860244a68,97e8f774-b6ad-47f7-9b91-a0cb8a3471d4,2022-12-28,33121,USD,2024-05-18 07:00:25.874638,2024-05-18 07:00:25.874638
3d297c35-775d-4ddf-bba3-ae8a62a94dd3,97e8f774-b6ad-47f7-9b91-a0cb8a3471d4,2022-02-07,27465,USD,2024-05-18 07:00:25.874638,2024-05-18 07:00:25.874638
c7204141-1be7-496b-903c-3d0e9327efb3,97e8f774-b6ad-47f7-9b91-a0cb8a3471d4,2022-02-06,61663,USD,2024-05-18 07:00:25.874638,2024-05-18 07:00:25.874638
6c6c197f-761a-4277-b0e1-e736934dad7d,97e8f774-b6ad-47f7-9b91-a0cb8a3471d4,2022-12-31,35268,USD,2024-05-18 07:00:25.874638,2024-05-18 07:00:25.874638
62a1e912-484f-49f5-99f3-24571d63ac35,97e8f774-b6ad-47f7-9b91-a0cb8a3471d4,2022-11-17,84592,USD,2024-05-18 07:00:25.874638,2024-05-18 07:00:25.874638
2178468e-3efd-4569-98a2-3b4858784cf0,3b21c4aa-1b97-4924-b2e3-d49e062d8ceb,2022-11-18,40657,EUR,2024-05-18 07:00:25.874638,2024-05-18 07:00:25.874638
abb364a9-ca90-42ba-b0c2-5d952c9af500,3b21c4aa-1b97-4924-b2e3-d49e062d8ceb,2022-09-25,5535,EUR,2024-05-18 07:00:25.874638,2024-05-18 07:00:25.874638
2c263cae-5b26-460d-86c5-3fdf10eced51,3b21c4aa-1b97-4924-b2e3-d49e062d8ceb,2022-08-07,18011,EUR,2024-05-18 07:00:25.874638,2024-05-18 07:00:25.874638
af9325a6-dab4-40df-af98-e0b65f67452b,3b21c4aa-1b97-4924-b2e3-d49e062d8ceb,2022-04-22,48562,EUR,2024-05-18 07:00:25.874638,2024-05-18 07:00:25.874638
0bf14f33-3623-455b-8eff-30f37d4bd191,3b21c4aa-1b97-4924-b2e3-d49e062d8ceb,2022-03-23,81452,EUR,2024-05-18 07:00:25.874638,2024-05-18 07:00:25.874638
6cb182a2-e4c0-4875-b414-b73ccc380647,805b2fbb-95aa-4f4f-a45c-b1cdbc6a3fb0,2022-02-13,8212,EUR,2024-05-18 07:00:25.874638,2024-05-18 07:00:25.874638
d9e2ce4d-7330-4f5e-9ab6-707cfd38cd58,805b2fbb-95aa-4f4f-a45c-b1cdbc6a3fb0,2022-09-09,99021,EUR,2024-05-18 07:00:25.874638,2024-05-18 07:00:25.874638
fbbd4814-e168-4a0d-8c6a-c2e475f11d53,805b2fbb-95aa-4f4f-a45c-b1cdbc6a3fb0,2022-11-29,47052,EUR,2024-05-18 07:00:25.874638,2024-05-18 07:00:25.874638
ae96cc54-a639-4831-a342-86f58633017b,805b2fbb-95aa-4f4f-a45c-b1cdbc6a3fb0,2022-02-14,16808,EUR,2024-05-18 07:00:25.874638,2024-05-18 07:00:25.874638
492cbf7f-725b-4c4a-9951-3c7f3f808a93,805b2fbb-95aa-4f4f-a45c-b1cdbc6a3fb0,2022-08-05,55090,EUR,2024-05-18 07:00:25.874638,2024-05-18 07:00:25.874638
d4b87f1e-560f-4e8a-b74d-45ccdf210076,59dd4a11-8d90-4099-8d67-0462a01dacec,2022-03-07,19875,EUR,2024-05-18 07:00:25.874638,2024-05-18 07:00:25.874638
cc02cb8c-c8eb-4e6a-8c9a-90287ccaed6d,59dd4a11-8d90-4099-8d67-0462a01dacec,2022-11-24,89152,EUR,2024-05-18 07:00:25.874638,2024-05-18 07:00:25.874638
8dabb493-ec05-4cdb-a479-1b9db252f710,59dd4a11-8d90-4099-8d67-0462a01dacec,2022-12-09,91506,EUR,2024-05-18 07:00:25.874638,2024-05-18 07:00:25.874638
303499b6-7064-4ce1-9c0d-210b4a52ba67,59dd4a11-8d90-4099-8d67-0462a01dacec,2022-07-11,44759,EUR,2024-05-18 07:00:25.874638,2024-05-18 07:00:25.874638
1fb0571a-f922-45e3-a818-82836bcb136e,59dd4a11-8d90-4099-8d67-0462a01dacec,2022-06-23,22760,EUR,2024-05-18 07:00:25.874638,2024-05-18 07:00:25.874638
12b2a266-b8c6-49c2-9799-caecfc59f566,31ec8b95-5d93-4c91-bc28-ded66b3bb42f,2022-05-02,57129,GBP,2024-05-18 07:00:25.874638,2024-05-18 07:00:25.874638
2eb8f0bf-688a-42e3-89c5-18baafdf918c,31ec8b95-5d93-4c91-bc28-ded66b3bb42f,2022-03-15,21743,GBP,2024-05-18 07:00:25.874638,2024-05-18 07:00:25.874638
634b4202-4e21-4b10-bae1-484212763c9c,31ec8b95-5d93-4c91-bc28-ded66b3bb42f,2022-01-01,1904,GBP,2024-05-18 07:00:25.874638,2024-05-18 07:00:25.874638
e995bae7-dcc2-425e-a9c0-ac819a3e5006,31ec8b95-5d93-4c91-bc28-ded66b3bb42f,2022-04-15,3360,GBP,2024-05-18 07:00:25.874638,2024-05-18 07:00:25.874638
f975b790-47df-4670-9c06-b730d150c121,31ec8b95-5d93-4c91-bc28-ded66b3bb42f,2022-08-04,44100,GBP,2024-05-18 07:00:25.874638,2024-05-18 07:00:25.874638
8a95a738-502c-48d8-ad8a-ca047d69ea3b,3d5ec328-c0f5-4345-9c08-de5670f8cdd9,2022-11-21,87729,GBP,2024-05-18 07:00:25.874638,2024-05-18 07:00:25.874638
6a63f9ac-38a0-4048-991d-6dcd5229108c,3d5ec328-c0f5-4345-9c08-de5670f8cdd9,2022-03-30,78784,GBP,2024-05-18 07:00:25.874638,2024-05-18 07:00:25.874638
146e3153-ada7-4583-b5d6-535cbafc4566,3d5ec328-c0f5-4345-9c08-de5670f8cdd9,2022-08-17,81093,GBP,2024-05-18 07:00:25.874638,2024-05-18 07:00:25.874638
20ddb10c-c758-4ae2-83f4-75eb305635de,3d5ec328-c0f5-4345-9c08-de5670f8cdd9,2022-04-30,74593,GBP,2024-05-18 07:00:25.874638,2024-05-18 07:00:25.874638
7365b393-156f-4a6c-ac81-57f6b872b2af,3d5ec328-c0f5-4345-9c08-de5670f8cdd9,2022-03-04,54785,GBP,2024-05-18 07:00:25.874638,2024-05-18 07:00:25.874638
c8c52bb6-b7c7-4577-b317-ef7b1ae2cf03,7eedfde4-58fb-44b4-b76e-3072b54fd901,2022-04-16,64304,GBP,2024-05-18 07:00:25.874638,2024-05-18 07:00:25.874638
0601bf1d-67db-448f-8b54-f61d9faddde8,7eedfde4-58fb-44b4-b76e-3072b54fd901,2022-08-13,60738,GBP,2024-05-18 07:00:25.874638,2024-05-18 07:00:25.874638
e6b4211a-20ae-4f03-bd33-69e345186989,7eedfde4-58fb-44b4-b76e-3072b54fd901,2022-02-11,70515,GBP,2024-05-18 07:00:25.874638,2024-05-18 07:00:25.874638
1b92a49a-3aa3-46c3-8739-c045d43dabca,7eedfde4-58fb-44b4-b76e-3072b54fd901,2022-01-26,6429,GBP,2024-05-18 07:00:25.874638,2024-05-18 07:00:25.874638
97c83951-5c80-4ea8-be9c-7dca1edb2940,7eedfde4-58fb-44b4-b76e-3072b54fd901,2022-09-21,79013,GBP,2024-05-18 07:00:25.874638,2024-05-18 07:00:25.874638
e2fdd789-a26f-4eb5-8df7-689241d81ede,99a24a53-be7e-461f-92cb-8bb68a24f34f,2022-12-10,1425,USD,2024-05-18 07:00:25.874638,2024-05-18 07:00:25.874638
0c01ddcd-827a-40c5-bd4e-cdf9014dcfdc,99a24a53-be7e-461f-92cb-8bb68a24f34f,2022-10-22,11088,USD,2024-05-18 07:00:25.874638,2024-05-18 07:00:25.874638
11745a32-99e5-4082-973a-a4b05b1d3007,99a24a53-be7e-461f-92cb-8bb68a24f34f,2022-10-27,4725,USD,2024-05-18 07:00:25.874638,2024-05-18 07:00:25.874638
6a27bc7f-dc61-4f7b-97dc-04bdb07b79f3,99a24a53-be7e-461f-92cb-8bb68a24f34f,2022-07-09,95570,USD,2024-05-18 07:00:25.874638,2024-05-18 07:00:25.874638
4ae80edb-96b0-47e9-a4df-3f2fff7b4d45,99a24a53-be7e-461f-92cb-8bb68a24f34f,2022-12-27,21574,USD,2024-05-18 07:00:25.874638,2024-05-18 07:00:25.874638
eeac9faa-d441-4d19-ba4a-9863c5714601,16a70a23-717b-44ae-8363-9e7313233a23,2022-05-04,12224,JPY,2024-05-18 07:00:25.874638,2024-05-18 07:00:25.874638
f1d5218f-de12-4328-9386-ac95c04b420e,16a70a23-717b-44ae-8363-9e7313233a23,2022-01-10,30631,JPY,2024-05-18 07:00:25.874638,2024-05-18 07:00:25.874638
804975d2-a1ec-4630-846e-ef02b8eb84f4,16a70a23-717b-44ae-8363-9e7313233a23,2022-08-23,89936,JPY,2024-05-18 07:00:25.874638,2024-05-18 07:00:25.874638
1aee0811-66ea-4f89-8f8d-763ba35372f2,16a70a23-717b-44ae-8363-9e7313233a23,2022-07-03,85968,JPY,2024-05-18 07:00:25.874638,2024-05-18 07:00:25.874638
58084b72-93d0-4137-ad1b-e3238f4889dd,16a70a23-717b-44ae-8363-9e7313233a23,2022-10-09,57897,JPY,2024-05-18 07:00:25.874638,2024-05-18 07:00:25.874638
37e1e38f-beac-45dc-8403-1eee41217bbd,bf113b17-a6c3-430f-9598-eab8f2a04100,2022-10-11,25251,AUD,2024-05-18 07:00:25.874638,2024-05-18 07:00:25.874638
16544a2c-c319-4f2b-af73-fbb586a41a85,bf113b17-a6c3-430f-9598-eab8f2a04100,2022-06-26,36539,AUD,2024-05-18 07:00:25.874638,2024-05-18 07:00:25.874638
fdb2ad98-1f24-4ce9-b3dd-de0c67360589,bf113b17-a6c3-430f-9598-eab8f2a04100,2022-10-13,25492,AUD,2024-05-18 07:00:25.874638,2024-05-18 07:00:25.874638
9a135114-ffc9-4893-8c1f-29ccc8927c42,bf113b17-a6c3-430f-9598-eab8f2a04100,2022-06-05,2573,AUD,2024-05-18 07:00:25.874638,2024-05-18 07:00:25.874638
7860c241-ee8e-448e-837c-f5e9aba18b7f,21915f18-d577-48c2-8f98-4c7536d84ce1,2022-03-29,31615,USD,2024-05-18 07:00:25.874638,2024-05-18 07:00:25.874638
095929c1-8afb-480c-b01a-8d619f49c291,21915f18-d577-48c2-8f98-4c7536d84ce1,2022-11-19,12647,USD,2024-05-18 07:00:25.874638,2024-05-18 07:00:25.874638
25dc06a2-40bc-489f-b29c-0ddfaab1d1e6,21915f18-d577-48c2-8f98-4c7536d84ce1,2022-07-26,59803,USD,2024-05-18 07:00:25.874638,2024-05-18 07:00:25.874638
7673af83-6e49-4426-8862-1ca07f12c3e2,21915f18-d577-48c2-8f98-4c7536d84ce1,2022-07-15,24755,USD,2024-05-18 07:00:25.874638,2024-05-18 07:00:25.874638
c3889dcc-54af-4fca-99c2-43e371d296ef,21915f18-d577-48c2-8f98-4c7536d84ce1,2022-04-24,10444,USD,2024-05-18 07:00:25.874638,2024-05-18 07:00:25.874638
bea89046-b84c-4647-b3d5-1802d36ff67f,237bacf7-dfab-4514-b47c-72c18729e2a3,2022-07-23,67280,USD,2024-05-18 07:00:25.874638,2024-05-18 07:00:25.874638
8dff72f7-87d4-46e0-aedb-375b931774c9,237bacf7-dfab-4514-b47c-72c18729e2a3,2022-08-28,38024,USD,2024-05-18 07:00:25.874638,2024-05-18 07:00:25.874638
e2d433e6-a492-4521-83c5-5490fdf60fa7,237bacf7-dfab-4514-b47c-72c18729e2a3,2022-03-13,17905,USD,2024-05-18 07:00:25.874638,2024-05-18 07:00:25.874638
147e540e-f703-4b2b-87ad-41f5ef4c399d,237bacf7-dfab-4514-b47c-72c18729e2a3,2022-10-09,97985,USD,2024-05-18 07:00:25.874638,2024-05-18 07:00:25.874638
da0cdbb1-3cbd-4070-8302-db93d6f12866,237bacf7-dfab-4514-b47c-72c18729e2a3,2022-06-05,74607,USD,2024-05-18 07:00:25.874638,2024-05-18 07:00:25.874638
d1314d32-b3b3-4484-a0c8-f057fedf855d,b5aa16dc-49c0-426c-a074-569a383a99fa,2022-10-01,55337,EUR,2024-05-18 07:00:25.874638,2024-05-18 07:00:25.874638
da4f7ad2-3f69-4c40-94de-5a6717dca1a2,b5aa16dc-49c0-426c-a074-569a383a99fa,2022-02-15,94556,EUR,2024-05-18 07:00:25.874638,2024-05-18 07:00:25.874638
4312ee3a-b21d-4b95-9200-01033959f9eb,b5aa16dc-49c0-426c-a074-569a383a99fa,2022-05-24,15236,EUR,2024-05-18 07:00:25.874638,2024-05-18 07:00:25.874638
3b005618-e4a4-402b-8b04-052b4bbcfb73,b5aa16dc-49c0-426c-a074-569a383a99fa,2022-05-20,52064,EUR,2024-05-18 07:00:25.874638,2024-05-18 07:00:25.874638
715521f4-82c0-4e41-b878-7fbfbe360f08,b5aa16dc-49c0-426c-a074-569a383a99fa,2022-07-02,88977,EUR,2024-05-18 07:00:25.874638,2024-05-18 07:00:25.874638
3ce61b91-7363-49b3-9dc3-f4cc6794067b,a94dd718-fa7d-4e2a-a81d-1fdec6be3973,2022-11-07,9226,GBP,2024-05-18 07:00:25.874638,2024-05-18 07:00:25.874638
9ee6bc8f-c31b-47fc-9f81-7cbdec0a03d3,a94dd718-fa7d-4e2a-a81d-1fdec6be3973,2022-09-07,91499,GBP,2024-05-18 07:00:25.874638,2024-05-18 07:00:25.874638
32c11c22-8b82-4df6-844e-33b5b36445a2,a94dd718-fa7d-4e2a-a81d-1fdec6be3973,2022-11-10,37202,GBP,2024-05-18 07:00:25.874638,2024-05-18 07:00:25.874638
fe94e797-e399-4d46-bbab-003689baed9d,a94dd718-fa7d-4e2a-a81d-1fdec6be3973,2022-12-08,74129,GBP,2024-05-18 07:00:25.874638,2024-05-18 07:00:25.874638
f44eb37f-6217-4fc8-bff5-8dd5423e69e9,a94dd718-fa7d-4e2a-a81d-1fdec6be3973,2022-12-07,73942,GBP,2024-05-18 07:00:25.874638,2024-05-18 07:00:25.874638
5cde5ee2-5ffc-42ec-9b71-2717a0913339,fed4b5d4-1e5c-4c69-a509-553c3b4e6878,2022-03-10,53118,JPY,2024-05-18 07:00:25.874638,2024-05-18 07:00:25.874638
9e25360f-2a33-4ab5-9c35-f00d582a9a7f,fed4b5d4-1e5c-4c69-a509-553c3b4e6878,2022-04-20,99891,JPY,2024-05-18 07:00:25.874638,2024-05-18 07:00:25.874638
015dfb95-fe1f-4b8d-b1dc-fa5899cafd29,fed4b5d4-1e5c-4c69-a509-553c3b4e6878,2022-02-04,2924,JPY,2024-05-18 07:00:25.874638,2024-05-18 07:00:25.874638
da96a27f-2f07-473c-a93b-306b60b006ad,fed4b5d4-1e5c-4c69-a509-553c3b4e6878,2022-09-29,5261,JPY,2024-05-18 07:00:25.874638,2024-05-18 07:00:25.874638
622fde72-494c-4dc8-b687-7c033048f491,fed4b5d4-1e5c-4c69-a509-553c3b4e6878,2022-11-29,90028,JPY,2024-05-18 07:00:25.874638,2024-05-18 07:00:25.874638
76158c52-36ca-4bb1-a817-b65ea7f87b7d,33782e94-5ad6-4aee-9457-75baef986a9c,2022-05-30,39336,CAD,2024-05-18 07:00:25.874638,2024-05-18 07:00:25.874638
27d35f1e-2e4f-4e0a-b57e-7c55b4b9a227,33782e94-5ad6-4aee-9457-75baef986a9c,2022-07-23,68791,CAD,2024-05-18 07:00:25.874638,2024-05-18 07:00:25.874638
74dd66df-0761-446b-82b7-7b7f5bef7c53,33782e94-5ad6-4aee-9457-75baef986a9c,2022-12-01,27316,CAD,2024-05-18 07:00:25.874638,2024-05-18 07:00:25.874638
85ed7aed-aa1c-4cce-8089-71bde60c1d4d,33782e94-5ad6-4aee-9457-75baef986a9c,2022-01-15,29062,CAD,2024-05-18 07:00:25.874638,2024-05-18 07:00:25.874638
3e86546d-52ed-4aba-b7df-ce8bbe420334,33782e94-5ad6-4aee-9457-75baef986a9c,2022-05-20,63325,CAD,2024-05-18 07:00:25.874638,2024-05-18 07:00:25.874638
2f29a9a0-f519-4589-86e3-0e41db4df179,f0b4725b-5e9f-45e8-9a60-b9f9c98b4429,2022-09-25,83345,EUR,2024-05-18 07:00:25.874638,2024-05-18 07:00:25.874638
4e4e699a-2252-48bf-b905-76244b586f31,f0b4725b-5e9f-45e8-9a60-b9f9c98b4429,2022-12-20,44213,EUR,2024-05-18 07:00:25.874638,2024-05-18 07:00:25.874638
cffa54ea-7859-40e6-82d1-b15810c9ac77,f0b4725b-5e9f-45e8-9a60-b9f9c98b4429,2022-07-19,71125,EUR,2024-05-18 07:00:25.874638,2024-05-18 07:00:25.874638
428e6a8a-13f6-492f-ba85-4750bd69cd15,f0b4725b-5e9f-45e8-9a60-b9f9c98b4429,2022-11-23,80435,EUR,2024-05-18 07:00:25.874638,2024-05-18 07:00:25.874638
b77cee54-e96e-4834-b096-f1dda82c7726,f0b4725b-5e9f-45e8-9a60-b9f9c98b4429,2022-10-06,18272,EUR,2024-05-18 07:00:25.874638,2024-05-18 07:00:25.874638
4028dabd-5271-426e-af5c-967db037b235,689c7422-c1b7-4ac4-8d4b-9eaf80c087e6,2022-03-17,51122,CAD,2024-05-18 07:00:25.874638,2024-05-18 07:00:25.874638
c3dfe75b-82f8-46dd-81fc-9e747c3fc52c,689c7422-c1b7-4ac4-8d4b-9eaf80c087e6,2022-12-22,74975,CAD,2024-05-18 07:00:25.874638,2024-05-18 07:00:25.874638
657e2f1a-8b52-4ec7-991a-6e89100abe04,689c7422-c1b7-4ac4-8d4b-9eaf80c087e6,2022-11-24,46129,CAD,2024-05-18 07:00:25.874638,2024-05-18 07:00:25.874638
d7874756-3345-4666-bfeb-30e4eea3adfd,689c7422-c1b7-4ac4-8d4b-9eaf80c087e6,2022-03-09,26463,CAD,2024-05-18 07:00:25.874638,2024-05-18 07:00:25.874638
73926929-ee34-43fc-8746-f45c0c611c7e,689c7422-c1b7-4ac4-8d4b-9eaf80c087e6,2022-02-24,3003,CAD,2024-05-18 07:00:25.874638,2024-05-18 07:00:25.874638
9834f176-e8ea-42db-859c-ab93c9b49594,419cd90a-6d1b-4555-9e47-60f5e37cc399,2022-08-28,12276,CAD,2024-05-18 07:00:25.874638,2024-05-18 07:00:25.874638
175ec322-fd86-45bd-9357-dd6e68d21b2b,419cd90a-6d1b-4555-9e47-60f5e37cc399,2022-04-03,44781,CAD,2024-05-18 07:00:25.874638,2024-05-18 07:00:25.874638
3ca35261-6d50-40b0-98a8-bcba583bc79d,419cd90a-6d1b-4555-9e47-60f5e37cc399,2022-10-20,4308,CAD,2024-05-18 07:00:25.874638,2024-05-18 07:00:25.874638
15aab16f-5130-4670-8522-968d0d691415,419cd90a-6d1b-4555-9e47-60f5e37cc399,2022-04-16,66231,CAD,2024-05-18 07:00:25.874638,2024-05-18 07:00:25.874638
0c89afec-8ff4-406f-9d15-101f90e4d44d,419cd90a-6d1b-4555-9e47-60f5e37cc399,2022-08-04,64540,CAD,2024-05-18 07:00:25.874638,2024-05-18 07:00:25.874638
ccf87bb1-55a3-498f-9449-73f96f30880e,c09df34b-47c2-4c07-b944-5eafda920ab6,2022-07-08,23548,JPY,2024-05-18 07:00:25.874638,2024-05-18 07:00:25.874638
71df1ea9-c1bd-48eb-9bc1-0ac217443d3f,c09df34b-47c2-4c07-b944-5eafda920ab6,2022-08-02,49119,JPY,2024-05-18 07:00:25.874638,2024-05-18 07:00:25.874638
125f5f4b-3fd6-460b-8164-83333434ad3b,c09df34b-47c2-4c07-b944-5eafda920ab6,2022-12-01,73738,JPY,2024-05-18 07:00:25.874638,2024-05-18 07:00:25.874638
bb209514-ceba-44d4-8cca-042260af486c,c09df34b-47c2-4c07-b944-5eafda920ab6,2022-04-09,64346,JPY,2024-05-18 07:00:25.874638,2024-05-18 07:00:25.874638
95c790f9-f4ba-4e30-b807-b8af31f6dbd5,c09df34b-47c2-4c07-b944-5eafda920ab6,2022-03-29,98780,JPY,2024-05-18 07:00:25.874638,2024-05-18 07:00:25.874638
add142ac-246d-4b85-80af-ec80ef31b192,78f9052f-1af7-432c-b31b-1275d968aa10,2022-01-31,54407,EUR,2024-05-18 07:00:25.874638,2024-05-18 07:00:25.874638
aed0da76-6256-49ad-9089-0bc540b1b069,78f9052f-1af7-432c-b31b-1275d968aa10,2022-02-01,36323,EUR,2024-05-18 07:00:25.874638,2024-05-18 07:00:25.874638
66fe1eab-d2b0-4ab6-8355-1708859175ce,78f9052f-1af7-432c-b31b-1275d968aa10,2022-06-16,34105,EUR,2024-05-18 07:00:25.874638,2024-05-18 07:00:25.874638
f9e7907d-72af-49f1-9c96-9144f694cfe3,78f9052f-1af7-432c-b31b-1275d968aa10,2022-09-12,54799,EUR,2024-05-18 07:00:25.874638,2024-05-18 07:00:25.874638
3260edbe-b481-4f30-8244-1c1e424f9f2d,78f9052f-1af7-432c-b31b-1275d968aa10,2022-12-19,11846,EUR,2024-05-18 07:00:25.874638,2024-05-18 07:00:25.874638
f97aa4ee-8ff0-41f6-9fb6-dc9695bad9ea,514fc295-06b0-47d2-9c15-faca7987dcb8,2022-11-01,69274,AUD,2024-05-18 07:00:25.874638,2024-05-18 07:00:25.874638
e10d5aad-75cb-4eec-8518-4ce0f23a0de1,514fc295-06b0-47d2-9c15-faca7987dcb8,2022-09-10,95891,AUD,2024-05-18 07:00:25.874638,2024-05-18 07:00:25.874638
a53b9b8a-5834-402d-9012-7750a37aebdb,514fc295-06b0-47d2-9c15-faca7987dcb8,2022-01-18,90437,AUD,2024-05-18 07:00:25.874638,2024-05-18 07:00:25.874638
a548d2b2-8d88-4d9c-90e2-45d2d3a815f0,514fc295-06b0-47d2-9c15-faca7987dcb8,2022-02-06,18577,AUD,2024-05-18 07:00:25.874638,2024-05-18 07:00:25.874638
e35617cf-79d3-43c7-b0d4-986ae726fc85,514fc295-06b0-47d2-9c15-faca7987dcb8,2022-05-01,14150,AUD,2024-05-18 07:00:25.874638,2024-05-18 07:00:25.874638
f33e0a9e-ee0b-4ad4-b189-32d3b54b6d3f,98135f67-e98e-4891-8b39-fff8e63498b3,2022-03-26,39583,JPY,2024-05-18 07:00:25.874638,2024-05-18 07:00:25.874638
a1e265fd-7267-4bb8-b5cd-a7acc650b9c5,98135f67-e98e-4891-8b39-fff8e63498b3,2022-09-23,45680,JPY,2024-05-18 07:00:25.874638,2024-05-18 07:00:25.874638
e70a0682-7648-4f85-8b8d-3805fb105913,98135f67-e98e-4891-8b39-fff8e63498b3,2022-02-22,41711,JPY,2024-05-18 07:00:25.874638,2024-05-18 07:00:25.874638
81be95f6-e905-4ca9-b04d-d3a38a62df48,98135f67-e98e-4891-8b39-fff8e63498b3,2022-03-05,84189,JPY,2024-05-18 07:00:25.874638,2024-05-18 07:00:25.874638
1e2d6a21-2cb4-4059-892d-1297187ad2cd,98135f67-e98e-4891-8b39-fff8e63498b3,2022-08-18,34289,JPY,2024-05-18 07:00:25.874638,2024-05-18 07:00:25.874638
0c4d0ed7-b2a1-4cad-bd32-80100110dcfc,85e5932c-f4c0-4ce8-94f0-b7a3a8e291a0,2022-10-21,33256,AUD,2024-05-18 07:00:25.874638,2024-05-18 07:00:25.874638
65de3694-e43b-4e62-8ade-d5c9fbc9e217,85e5932c-f4c0-4ce8-94f0-b7a3a8e291a0,2022-08-17,34707,AUD,2024-05-18 07:00:25.874638,2024-05-18 07:00:25.874638
e05f12b2-86f9-4b95-8904-f562fa0d132b,85e5932c-f4c0-4ce8-94f0-b7a3a8e291a0,2022-10-03,93632,AUD,2024-05-18 07:00:25.874638,2024-05-18 07:00:25.874638
9fc7c992-39ff-4c79-aa71-ee5e75b331e9,85e5932c-f4c0-4ce8-94f0-b7a3a8e291a0,2022-12-11,59482,AUD,2024-05-18 07:00:25.874638,2024-05-18 07:00:25.874638
8d56de2c-0352-42de-ab3b-ef56fe10c9d1,85e5932c-f4c0-4ce8-94f0-b7a3a8e291a0,2022-04-11,31298,AUD,2024-05-18 07:00:25.874638,2024-05-18 07:00:25.874638
48947da5-bf55-4da2-b88e-eb07eec2ada4,faf9dbae-bae1-44fc-b918-cf9e53a814cd,2022-06-10,23878,EUR,2024-05-18 07:00:25.874638,2024-05-18 07:00:25.874638
126be036-ab0e-41cd-917e-f03061b54efc,faf9dbae-bae1-44fc-b918-cf9e53a814cd,2022-08-05,43847,EUR,2024-05-18 07:00:25.874638,2024-05-18 07:00:25.874638
1f22d7b8-9abc-4bd5-a682-1b2ac08c4a88,faf9dbae-bae1-44fc-b918-cf9e53a814cd,2022-03-27,39965,EUR,2024-05-18 07:00:25.874638,2024-05-18 07:00:25.874638
030755e6-3245-4881-9362-1b6b9e1be42f,faf9dbae-bae1-44fc-b918-cf9e53a814cd,2022-04-18,75687,EUR,2024-05-18 07:00:25.874638,2024-05-18 07:00:25.874638
e30f38f2-3819-4a3f-8507-39b4dfa5983c,faf9dbae-bae1-44fc-b918-cf9e53a814cd,2022-09-13,4750,EUR,2024-05-18 07:00:25.874638,2024-05-18 07:00:25.874638
af1b97b1-e1cc-4d15-9376-5bd90daf0110,ee3392cf-a06b-40a2-a5b4-ddf4de8b7c75,2022-08-18,42519,USD,2024-05-18 07:00:25.874638,2024-05-18 07:00:25.874638
4392dc0b-e2b4-4bca-a576-4dc3ea899f46,ee3392cf-a06b-40a2-a5b4-ddf4de8b7c75,2022-02-12,47878,USD,2024-05-18 07:00:25.874638,2024-05-18 07:00:25.874638
484d0bbd-af29-454a-bbe6-ac47aaff0170,ee3392cf-a06b-40a2-a5b4-ddf4de8b7c75,2022-10-23,93465,USD,2024-05-18 07:00:25.874638,2024-05-18 07:00:25.874638
93af2664-0982-4d4f-aecb-56ee9a3ee29a,ee3392cf-a06b-40a2-a5b4-ddf4de8b7c75,2022-04-25,50133,USD,2024-05-18 07:00:25.874638,2024-05-18 07:00:25.874638
63cfa345-83a9-4430-8a4c-6dd9a89d15b2,ee3392cf-a06b-40a2-a5b4-ddf4de8b7c75,2022-12-11,6922,USD,2024-05-18 07:00:25.874638,2024-05-18 07:00:25.874638
215d22e5-c5cf-4c71-ab82-5131c721849b,5f4639aa-0dfe-4742-b6d3-dd80011da42b,2022-10-26,84750,USD,2024-05-18 07:00:25.874638,2024-05-18 07:00:25.874638
6ecb255d-87a6-41b0-b638-3063ffb20bd2,5f4639aa-0dfe-4742-b6d3-dd80011da42b,2022-06-18,95989,USD,2024-05-18 07:00:25.874638,2024-05-18 07:00:25.874638
55fafd4e-f4f6-4111-8d76-b225cea83e53,5f4639aa-0dfe-4742-b6d3-dd80011da42b,2022-11-30,47617,USD,2024-05-18 07:00:25.874638,2024-05-18 07:00:25.874638
d94d8260-63ad-4105-84d5-1998e4bf4921,5f4639aa-0dfe-4742-b6d3-dd80011da42b,2022-11-03,31803,USD,2024-05-18 07:00:25.874638,2024-05-18 07:00:25.874638
a35259de-d140-4dbc-98bc-99d99007e2b3,5f4639aa-0dfe-4742-b6d3-dd80011da42b,2022-09-24,14648,USD,2024-05-18 07:00:25.874638,2024-05-18 07:00:25.874638
9f5bcaea-4337-4e07-b844-a355f1c83c70,c8c82a6c-3de0-4ae2-a124-1e0e652e2f93,2022-02-12,35830,EUR,2024-05-18 07:00:25.874638,2024-05-18 07:00:25.874638
18c36da9-18f0-43d3-b0c1-48f357b95dfa,c8c82a6c-3de0-4ae2-a124-1e0e652e2f93,2022-07-31,36197,EUR,2024-05-18 07:00:25.874638,2024-05-18 07:00:25.874638
c1d37167-1b79-4823-a304-6a4b07a33cb1,c8c82a6c-3de0-4ae2-a124-1e0e652e2f93,2022-02-02,51941,EUR,2024-05-18 07:00:25.874638,2024-05-18 07:00:25.874638
187ddd71-0116-469f-aaad-27fedd81837a,c8c82a6c-3de0-4ae2-a124-1e0e652e2f93,2022-08-17,23215,EUR,2024-05-18 07:00:25.874638,2024-05-18 07:00:25.874638
3484c00e-f220-4d33-a781-dd9b4f5f2e88,c8c82a6c-3de0-4ae2-a124-1e0e652e2f93,2022-08-22,25098,EUR,2024-05-18 07:00:25.874638,2024-05-18 07:00:25.874638
aa1a776c-f303-48ae-888a-ebc2b130c444,f326c3be-6c1a-4321-8372-a89a6bdbe02f,2022-09-23,1897,CAD,2024-05-18 07:00:25.874638,2024-05-18 07:00:25.874638
99529752-9032-41c3-a877-b31ce90269cb,f326c3be-6c1a-4321-8372-a89a6bdbe02f,2022-04-20,81272,CAD,2024-05-18 07:00:25.874638,2024-05-18 07:00:25.874638
9b0c487e-f896-49b1-be80-a5d2777f7d22,f326c3be-6c1a-4321-8372-a89a6bdbe02f,2022-09-28,94449,CAD,2024-05-18 07:00:25.874638,2024-05-18 07:00:25.874638
ef36f4db-5d57-4a48-8191-e929f49df8bc,f326c3be-6c1a-4321-8372-a89a6bdbe02f,2022-10-11,62827,CAD,2024-05-18 07:00:25.874638,2024-05-18 07:00:25.874638
9a0af362-1fcf-4207-af7b-da75bca979b1,f326c3be-6c1a-4321-8372-a89a6bdbe02f,2022-07-14,42717,CAD,2024-05-18 07:00:25.874638,2024-05-18 07:00:25.874638
c13b9795-b7f7-4956-a801-f0fbbc904c56,b1ae9a73-9dfd-4c77-a2ca-623d04c824ec,2022-09-14,45974,USD,2024-05-18 07:00:25.874638,2024-05-18 07:00:25.874638
1279ff0e-fe06-41a5-bc2a-2fbcf243efe5,b1ae9a73-9dfd-4c77-a2ca-623d04c824ec,2022-01-30,59630,USD,2024-05-18 07:00:25.874638,2024-05-18 07:00:25.874638
974a80d2-f32e-4ca2-b75f-b6864e381bb9,b1ae9a73-9dfd-4c77-a2ca-623d04c824ec,2022-02-18,85379,USD,2024-05-18 07:00:25.874638,2024-05-18 07:00:25.874638
fe494986-ced3-4942-8b50-884f1f312b08,b1ae9a73-9dfd-4c77-a2ca-623d04c824ec,2022-12-17,55426,USD,2024-05-18 07:00:25.874638,2024-05-18 07:00:25.874638
9a272a62-6845-47a0-927d-4fb2959bfd95,b1ae9a73-9dfd-4c77-a2ca-623d04c824ec,2022-04-09,82127,USD,2024-05-18 07:00:25.874638,2024-05-18 07:00:25.874638
ca65f017-06cf-4ae6-add5-d339f1029fc7,421bc9bc-8153-4327-ae81-e7f3a89d847c,2022-08-27,65034,JPY,2024-05-18 07:00:25.874638,2024-05-18 07:00:25.874638
7f04be0d-0577-4d75-8a44-00bdf4fef1b1,421bc9bc-8153-4327-ae81-e7f3a89d847c,2022-06-09,44336,JPY,2024-05-18 07:00:25.874638,2024-05-18 07:00:25.874638
7fd92113-0e0a-4289-879e-9727e27ecbb8,421bc9bc-8153-4327-ae81-e7f3a89d847c,2022-03-17,90093,JPY,2024-05-18 07:00:25.874638,2024-05-18 07:00:25.874638
e9938414-5f78-4f78-a60f-6288c988bef1,421bc9bc-8153-4327-ae81-e7f3a89d847c,2022-01-01,37733,JPY,2024-05-18 07:00:25.874638,2024-05-18 07:00:25.874638
f94df1a9-4ab9-48b0-84b7-c87b126d22a3,421bc9bc-8153-4327-ae81-e7f3a89d847c,2022-08-25,82040,JPY,2024-05-18 07:00:25.874638,2024-05-18 07:00:25.874638
ce6c34c2-4d63-4449-803f-987df2b5c2da,d80bda90-bd18-4a4d-b749-5ba44fc80cb8,2022-01-16,37293,USD,2024-05-18 07:00:25.874638,2024-05-18 07:00:25.874638
5a21ae4d-150c-431c-b01f-47a5eef6618b,d80bda90-bd18-4a4d-b749-5ba44fc80cb8,2022-05-16,77540,USD,2024-05-18 07:00:25.874638,2024-05-18 07:00:25.874638
eeeec29d-b8af-4f0c-8c2b-9c48c329b2fe,d80bda90-bd18-4a4d-b749-5ba44fc80cb8,2022-06-09,1351,USD,2024-05-18 07:00:25.874638,2024-05-18 07:00:25.874638
954811d7-8593-403f-a8fc-b3405974d448,d80bda90-bd18-4a4d-b749-5ba44fc80cb8,2022-01-08,26545,USD,2024-05-18 07:00:25.874638,2024-05-18 07:00:25.874638
6de8d68e-f111-444d-9b4d-f3484755e874,d80bda90-bd18-4a4d-b749-5ba44fc80cb8,2022-12-27,26104,USD,2024-05-18 07:00:25.874638,2024-05-18 07:00:25.874638
74785bef-b64e-44f5-aaa5-c91f3e17479e,0802ca07-fe2f-47ae-92be-e02dbacb4fc3,2022-02-17,68162,JPY,2024-05-18 07:00:25.874638,2024-05-18 07:00:25.874638
34db2f60-9688-4fe0-8c99-ffc9af496b36,0802ca07-fe2f-47ae-92be-e02dbacb4fc3,2022-09-25,98597,JPY,2024-05-18 07:00:25.874638,2024-05-18 07:00:25.874638
4b004a10-3763-4136-a97f-274816812f36,0802ca07-fe2f-47ae-92be-e02dbacb4fc3,2022-03-06,20612,JPY,2024-05-18 07:00:25.874638,2024-05-18 07:00:25.874638
1021465d-7a84-416b-b8cc-910b3e4d9dea,0802ca07-fe2f-47ae-92be-e02dbacb4fc3,2022-02-06,86718,JPY,2024-05-18 07:00:25.874638,2024-05-18 07:00:25.874638
8a16a543-9504-44fa-9e76-8481cead68e8,0802ca07-fe2f-47ae-92be-e02dbacb4fc3,2022-12-07,82765,JPY,2024-05-18 07:00:25.874638,2024-05-18 07:00:25.874638
3d0c7ba1-537d-47a7-8623-7488966c9189,7a9fa897-a1d0-4597-bee2-a8056ee9418d,2022-11-03,59910,USD,2024-05-18 07:00:25.874638,2024-05-18 07:00:25.874638
38a94f21-999f-46a0-b7a5-5eb1d9f2c093,7a9fa897-a1d0-4597-bee2-a8056ee9418d,2022-08-06,57833,USD,2024-05-18 07:00:25.874638,2024-05-18 07:00:25.874638
9be3b908-5f48-4711-8f76-8d0d1f1ef0d1,7a9fa897-a1d0-4597-bee2-a8056ee9418d,2022-05-15,1557,USD,2024-05-18 07:00:25.874638,2024-05-18 07:00:25.874638
e3e259ca-53c9-4302-b06a-caa9d0b1e118,7a9fa897-a1d0-4597-bee2-a8056ee9418d,2022-04-01,54888,USD,2024-05-18 07:00:25.874638,2024-05-18 07:00:25.874638
4f72674d-c825-49bb-9328-4ddefd0b141d,7a9fa897-a1d0-4597-bee2-a8056ee9418d,2022-07-01,54266,USD,2024-05-18 07:00:25.874638,2024-05-18 07:00:25.874638
f12e9fa0-bc10-458e-8692-50934ea51a0f,8df730bf-42a4-4261-9db3-3e94841fef3c,2022-06-01,89367,USD,2024-05-18 07:00:25.874638,2024-05-18 07:00:25.874638
60f6f97a-ae0b-4f0a-8684-46ba07a550b7,8df730bf-42a4-4261-9db3-3e94841fef3c,2022-04-18,69395,USD,2024-05-18 07:00:25.874638,2024-05-18 07:00:25.874638
982c7308-9558-4144-836d-cc657ffbaf61,8df730bf-42a4-4261-9db3-3e94841fef3c,2022-11-30,30801,USD,2024-05-18 07:00:25.874638,2024-05-18 07:00:25.874638
fd5949d7-b70b-4e80-97b0-5c37101a0684,8df730bf-42a4-4261-9db3-3e94841fef3c,2022-04-23,37026,USD,2024-05-18 07:00:25.874638,2024-05-18 07:00:25.874638
a69a09cd-6771-4f93-90f1-1f3b8b679465,8df730bf-42a4-4261-9db3-3e94841fef3c,2022-12-29,69561,USD,2024-05-18 07:00:25.874638,2024-05-18 07:00:25.874638
5dc0fd1d-3ae8-4697-9578-4cced6a89ce3,e2bcd01f-5dfe-49a2-8449-050bd4b291ea,2022-03-03,55924,EUR,2024-05-18 07:00:25.874638,2024-05-18 07:00:25.874638
a7af8eb1-1a4c-4bf6-8e87-e7caa393a46a,e2bcd01f-5dfe-49a2-8449-050bd4b291ea,2022-08-28,9105,EUR,2024-05-18 07:00:25.874638,2024-05-18 07:00:25.874638
a27505a5-4d87-4fc3-9027-b2f898278acb,e2bcd01f-5dfe-49a2-8449-050bd4b291ea,2022-07-01,12900,EUR,2024-05-18 07:00:25.874638,2024-05-18 07:00:25.874638
10127530-cae9-4adb-85c8-4b3495780694,e2bcd01f-5dfe-49a2-8449-050bd4b291ea,2022-04-16,23229,EUR,2024-05-18 07:00:25.874638,2024-05-18 07:00:25.874638
ef0ae004-4cd4-431f-b606-4219d421dd4d,e2bcd01f-5dfe-49a2-8449-050bd4b291ea,2022-11-04,38766,EUR,2024-05-18 07:00:25.874638,2024-05-18 07:00:25.874638
b8640590-b45a-4c84-abf9-d7c542a5f107,050c586e-d8ed-48e3-94e7-9c50129b8553,2022-09-10,52586,USD,2024-05-18 07:00:25.874638,2024-05-18 07:00:25.874638
516dce27-ed67-457d-bead-5c2ab2991d06,050c586e-d8ed-48e3-94e7-9c50129b8553,2022-03-13,15170,USD,2024-05-18 07:00:25.874638,2024-05-18 07:00:25.874638
656f81f8-03fe-4d2e-bed0-64437a64aad8,050c586e-d8ed-48e3-94e7-9c50129b8553,2022-09-18,96541,USD,2024-05-18 07:00:25.874638,2024-05-18 07:00:25.874638
ea6e9515-1476-48d6-9b2e-8b82601c9bc1,050c586e-d8ed-48e3-94e7-9c50129b8553,2022-11-02,85172,USD,2024-05-18 07:00:25.874638,2024-05-18 07:00:25.874638
6f41d345-3763-46be-a19b-5c93b5a8c9b3,050c586e-d8ed-48e3-94e7-9c50129b8553,2022-07-16,61717,USD,2024-05-18 07:00:25.874638,2024-05-18 07:00:25.874638
46c8efe2-a14c-4039-8d01-ad1789e3009f,428f5185-155c-4c73-a956-7fd05e5eaeba,2022-05-19,92675,AUD,2024-05-18 07:00:25.874638,2024-05-18 07:00:25.874638
a19caee2-a455-4bdf-a48f-e5b2fcc69cf1,428f5185-155c-4c73-a956-7fd05e5eaeba,2022-01-26,56536,AUD,2024-05-18 07:00:25.874638,2024-05-18 07:00:25.874638
7fac411c-2fbd-4443-adf9-85b7eeefecf9,428f5185-155c-4c73-a956-7fd05e5eaeba,2022-11-28,8362,AUD,2024-05-18 07:00:25.874638,2024-05-18 07:00:25.874638
c16e4557-e131-4b5a-b357-b00ff44b5804,428f5185-155c-4c73-a956-7fd05e5eaeba,2022-02-19,84129,AUD,2024-05-18 07:00:25.874638,2024-05-18 07:00:25.874638
89889c68-fa56-4991-8998-ac09a464d43a,428f5185-155c-4c73-a956-7fd05e5eaeba,2022-02-15,15729,AUD,2024-05-18 07:00:25.874638,2024-05-18 07:00:25.874638
f4859e29-6616-4c18-93b4-6dd7891a56c9,564e23b6-c395-48de-998d-0279738a8803,2022-05-02,73200,AUD,2024-05-18 07:00:25.874638,2024-05-18 07:00:25.874638
ad56ccc6-67e2-4045-8ded-4f4a4d69b559,564e23b6-c395-48de-998d-0279738a8803,2022-03-25,26751,AUD,2024-05-18 07:00:25.874638,2024-05-18 07:00:25.874638
bc9a5adc-3a42-4dfd-8d42-5dce766394e0,564e23b6-c395-48de-998d-0279738a8803,2022-07-29,17183,AUD,2024-05-18 07:00:25.874638,2024-05-18 07:00:25.874638
b75fc820-57ca-477a-bba0-267f5d0d6d1c,564e23b6-c395-48de-998d-0279738a8803,2022-10-31,42345,AUD,2024-05-18 07:00:25.874638,2024-05-18 07:00:25.874638
c0da23b7-4ee2-41b8-9078-7234a3c28a10,564e23b6-c395-48de-998d-0279738a8803,2022-09-20,30687,AUD,2024-05-18 07:00:25.874638,2024-05-18 07:00:25.874638
bb6c5b7c-ec5b-4951-be46-e173b4d7b886,28b30aca-fedf-4f0e-bc7a-4f097e7855e7,2022-05-24,31514,EUR,2024-05-18 07:00:25.874638,2024-05-18 07:00:25.874638
cc9f6306-fb91-4e6c-be40-ea59341b9e6e,28b30aca-fedf-4f0e-bc7a-4f097e7855e7,2022-10-03,73699,EUR,2024-05-18 07:00:25.874638,2024-05-18 07:00:25.874638
8c33a4ac-c4fe-4003-9ac3-d9ed1f338a1e,28b30aca-fedf-4f0e-bc7a-4f097e7855e7,2022-09-25,64773,EUR,2024-05-18 07:00:25.874638,2024-05-18 07:00:25.874638
6c5040d9-797f-4db3-b727-20de8c5a148a,28b30aca-fedf-4f0e-bc7a-4f097e7855e7,2022-01-21,58649,EUR,2024-05-18 07:00:25.874638,2024-05-18 07:00:25.874638
5ffb0268-4594-4006-bfe0-8fc7a2410aab,28b30aca-fedf-4f0e-bc7a-4f097e7855e7,2022-11-03,10453,EUR,2024-05-18 07:00:25.874638,2024-05-18 07:00:25.874638
368d1eac-4e0a-432f-bcb2-fc551feae662,dbf19255-2599-4469-8354-7934c78b03ea,2022-06-23,21926,AUD,2024-05-18 07:00:25.874638,2024-05-18 07:00:25.874638
a131b2af-7e75-4a7a-a503-f0f0b1b9bdb7,dbf19255-2599-4469-8354-7934c78b03ea,2022-02-08,37534,AUD,2024-05-18 07:00:25.874638,2024-05-18 07:00:25.874638
78ffd45e-137e-40cf-ad7c-520bb128cebe,dbf19255-2599-4469-8354-7934c78b03ea,2022-05-28,88589,AUD,2024-05-18 07:00:25.874638,2024-05-18 07:00:25.874638
78c55d36-1f35-4637-bbec-9402a5d5e198,dbf19255-2599-4469-8354-7934c78b03ea,2022-12-25,4455,AUD,2024-05-18 07:00:25.874638,2024-05-18 07:00:25.874638
8d818d70-d5ff-4417-91bd-f5fe5b44260d,dbf19255-2599-4469-8354-7934c78b03ea,2022-02-14,16602,AUD,2024-05-18 07:00:25.874638,2024-05-18 07:00:25.874638
20a0c8a6-71cc-42b2-91da-224fbe364530,8d6a7f3c-9554-46ab-8db2-212bdae1ae2a,2022-03-17,16424,GBP,2024-05-18 07:00:25.874638,2024-05-18 07:00:25.874638
48cd1ee6-b3cd-4b72-9b21-e71eba57c0a4,8d6a7f3c-9554-46ab-8db2-212bdae1ae2a,2022-04-20,35976,GBP,2024-05-18 07:00:25.874638,2024-05-18 07:00:25.874638
de209fce-c41e-4a52-bc4d-b52b1c499bcb,8d6a7f3c-9554-46ab-8db2-212bdae1ae2a,2022-09-23,22032,GBP,2024-05-18 07:00:25.874638,2024-05-18 07:00:25.874638
ebf15a27-5d10-4e5a-bf01-b9571bf10e77,8d6a7f3c-9554-46ab-8db2-212bdae1ae2a,2022-08-03,58871,GBP,2024-05-18 07:00:25.874638,2024-05-18 07:00:25.874638
10f81771-396c-49d9-a461-34aa9a4c3614,8d6a7f3c-9554-46ab-8db2-212bdae1ae2a,2022-01-29,30851,GBP,2024-05-18 07:00:25.874638,2024-05-18 07:00:25.874638
e7a6dbd1-1459-4746-a36a-a53745891f48,3f8ba3da-3e49-4354-bdcb-8d5a3e023438,2022-11-22,52967,GBP,2024-05-18 07:00:25.874638,2024-05-18 07:00:25.874638
5e163d22-7e64-41e2-8234-b0a2d89e5e01,3f8ba3da-3e49-4354-bdcb-8d5a3e023438,2022-06-09,10740,GBP,2024-05-18 07:00:25.874638,2024-05-18 07:00:25.874638
ea51e885-ce09-4dbb-b52e-10b44205401e,3f8ba3da-3e49-4354-bdcb-8d5a3e023438,2022-11-03,68766,GBP,2024-05-18 07:00:25.874638,2024-05-18 07:00:25.874638
9ad9988c-6473-4d1c-a37b-aaa60ddeeaed,3f8ba3da-3e49-4354-bdcb-8d5a3e023438,2022-07-18,99188,GBP,2024-05-18 07:00:25.874638,2024-05-18 07:00:25.874638
02633ded-4607-4152-b7e0-25012647a1c0,3f8ba3da-3e49-4354-bdcb-8d5a3e023438,2022-02-01,13780,GBP,2024-05-18 07:00:25.874638,2024-05-18 07:00:25.874638
8de12470-6464-4a60-a6a1-9b22373b0e18,62f6d355-b6e5-4ac9-8ca6-59a88e5a874e,2022-05-01,78474,JPY,2024-05-18 07:00:25.874638,2024-05-18 07:00:25.874638
6a072f95-6408-4748-8051-85841683ecdb,62f6d355-b6e5-4ac9-8ca6-59a88e5a874e,2022-12-19,67060,JPY,2024-05-18 07:00:25.874638,2024-05-18 07:00:25.874638
e8dd13fc-b88d-4377-a074-e4323fe424b9,62f6d355-b6e5-4ac9-8ca6-59a88e5a874e,2022-09-05,57359,JPY,2024-05-18 07:00:25.874638,2024-05-18 07:00:25.874638
d5d8cfe4-1305-4223-88d8-3d3be7b8c7df,62f6d355-b6e5-4ac9-8ca6-59a88e5a874e,2022-06-23,62526,JPY,2024-05-18 07:00:25.874638,2024-05-18 07:00:25.874638
70f8b031-76a3-425a-9969-ff276a25ece3,62f6d355-b6e5-4ac9-8ca6-59a88e5a874e,2022-06-11,19386,JPY,2024-05-18 07:00:25.874638,2024-05-18 07:00:25.874638
17a2abbc-2b86-4c4d-9204-b005ba97b281,e01c645f-71c9-483d-80ab-da2ea0937cef,2022-01-10,85049,CAD,2024-05-18 07:00:25.874638,2024-05-18 07:00:25.874638
476b3499-b3b9-4c63-8e89-57d41e9e7113,e01c645f-71c9-483d-80ab-da2ea0937cef,2022-04-03,44450,CAD,2024-05-18 07:00:25.874638,2024-05-18 07:00:25.874638
117ff904-0688-4f9c-8db7-01bcbb9b8d25,e01c645f-71c9-483d-80ab-da2ea0937cef,2022-11-10,28381,CAD,2024-05-18 07:00:25.874638,2024-05-18 07:00:25.874638
3a1afabc-d8c0-4206-88d7-e1911135cf37,e01c645f-71c9-483d-80ab-da2ea0937cef,2022-12-07,61726,CAD,2024-05-18 07:00:25.874638,2024-05-18 07:00:25.874638
e77e9774-efe5-4b20-ab58-460be89059d0,e01c645f-71c9-483d-80ab-da2ea0937cef,2022-04-19,21534,CAD,2024-05-18 07:00:25.874638,2024-05-18 07:00:25.874638
650b92e1-7425-4581-b6fd-af47bdea16f2,9c6a139b-39fd-4fbc-825f-edf7252bed57,2022-03-07,27791,AUD,2024-05-18 07:00:25.874638,2024-05-18 07:00:25.874638
b49620b7-5e3d-4823-a5d8-46756e060980,9c6a139b-39fd-4fbc-825f-edf7252bed57,2022-01-24,68004,AUD,2024-05-18 07:00:25.874638,2024-05-18 07:00:25.874638
1d551fe2-8b2b-4a23-8427-734f9cf7410f,9c6a139b-39fd-4fbc-825f-edf7252bed57,2022-07-24,84362,AUD,2024-05-18 07:00:25.874638,2024-05-18 07:00:25.874638
d432410d-cef9-4c45-9d47-e04bf5189827,9c6a139b-39fd-4fbc-825f-edf7252bed57,2022-05-20,47337,AUD,2024-05-18 07:00:25.874638,2024-05-18 07:00:25.874638
883a2c39-cfad-48dd-8b91-1231ccbf279d,9c6a139b-39fd-4fbc-825f-edf7252bed57,2022-06-30,76302,AUD,2024-05-18 07:00:25.874638,2024-05-18 07:00:25.874638
eafd4ddf-b78d-4fc4-9b6c-88de946cb11e,93f158a2-85a0-47aa-9781-33c8664f544f,2022-11-20,82133,USD,2024-05-18 07:00:25.874638,2024-05-18 07:00:25.874638
b8212416-9202-441e-b4c0-88945f2ddeb6,93f158a2-85a0-47aa-9781-33c8664f544f,2022-12-31,44363,USD,2024-05-18 07:00:25.874638,2024-05-18 07:00:25.874638
044eccf2-172b-4439-ac08-aa1ee5265536,93f158a2-85a0-47aa-9781-33c8664f544f,2022-04-02,71039,USD,2024-05-18 07:00:25.874638,2024-05-18 07:00:25.874638
cd977b93-9ecd-473e-842f-27a9ae2d2446,93f158a2-85a0-47aa-9781-33c8664f544f,2022-01-27,79960,USD,2024-05-18 07:00:25.874638,2024-05-18 07:00:25.874638
1349160e-3746-42b4-aeea-e322a2aac845,93f158a2-85a0-47aa-9781-33c8664f544f,2022-10-14,37175,USD,2024-05-18 07:00:25.874638,2024-05-18 07:00:25.874638
375e411b-3e31-45bb-919e-4893969d9a5d,fe6c87e7-cce3-4e33-8bc0-6e71f8e76aba,2022-03-01,58014,EUR,2024-05-18 07:00:25.874638,2024-05-18 07:00:25.874638
b2f8b0f9-bf6a-41ee-858b-a3d1c419e824,fe6c87e7-cce3-4e33-8bc0-6e71f8e76aba,2022-10-22,6126,EUR,2024-05-18 07:00:25.874638,2024-05-18 07:00:25.874638
95ff0bf6-624a-4add-8341-8faf6a36b8e2,fe6c87e7-cce3-4e33-8bc0-6e71f8e76aba,2022-05-04,1462,EUR,2024-05-18 07:00:25.874638,2024-05-18 07:00:25.874638
dfc83c6e-8a0b-4110-a16b-ecaba830690a,fe6c87e7-cce3-4e33-8bc0-6e71f8e76aba,2022-02-05,68917,EUR,2024-05-18 07:00:25.874638,2024-05-18 07:00:25.874638
d63b0d09-db3b-41c3-925d-f163bde72f92,fe6c87e7-cce3-4e33-8bc0-6e71f8e76aba,2022-11-20,18474,EUR,2024-05-18 07:00:25.874638,2024-05-18 07:00:25.874638
d23b8112-f9af-4201-9f91-06de23ee352a,a1d9354d-32ee-44f7-9087-4913773647b2,2022-02-22,31757,JPY,2024-05-18 07:00:25.874638,2024-05-18 07:00:25.874638
5972ab1d-6606-4516-9b65-8473a63f080e,a1d9354d-32ee-44f7-9087-4913773647b2,2022-05-27,78290,JPY,2024-05-18 07:00:25.874638,2024-05-18 07:00:25.874638
2e6832d9-aa1a-4635-b76d-e023f1308bbb,a1d9354d-32ee-44f7-9087-4913773647b2,2022-08-20,26042,JPY,2024-05-18 07:00:25.874638,2024-05-18 07:00:25.874638
85b38293-426b-4284-a0eb-ba05fa5c9a3c,a1d9354d-32ee-44f7-9087-4913773647b2,2022-07-26,56538,JPY,2024-05-18 07:00:25.874638,2024-05-18 07:00:25.874638
9e5be33f-8ccd-4b35-bf7b-e8e352a18527,a1d9354d-32ee-44f7-9087-4913773647b2,2022-01-13,35500,JPY,2024-05-18 07:00:25.874638,2024-05-18 07:00:25.874638
0cf61058-834f-4503-855c-febe9d8727bb,a6eed76c-e146-469b-a9d8-cd8956b3958b,2022-07-11,85835,CAD,2024-05-18 07:00:25.874638,2024-05-18 07:00:25.874638
07509793-d2bd-438a-a5a4-304dfbe26fa4,a6eed76c-e146-469b-a9d8-cd8956b3958b,2022-11-17,58540,CAD,2024-05-18 07:00:25.874638,2024-05-18 07:00:25.874638
b9d22e3a-8094-4a4a-ba0e-1a14d5ae4a51,a6eed76c-e146-469b-a9d8-cd8956b3958b,2022-12-06,50099,CAD,2024-05-18 07:00:25.874638,2024-05-18 07:00:25.874638
59b4dfbf-ea41-4498-9b7e-fe3491efdc02,a6eed76c-e146-469b-a9d8-cd8956b3958b,2022-10-15,75159,CAD,2024-05-18 07:00:25.874638,2024-05-18 07:00:25.874638
363abbf0-f2d5-4f24-bac2-b3c2aa2bab1e,a6eed76c-e146-469b-a9d8-cd8956b3958b,2022-11-25,78617,CAD,2024-05-18 07:00:25.874638,2024-05-18 07:00:25.874638
2de1c6ff-1594-45bd-b69c-9606334b9dcb,2407c658-7c1b-4e8a-8a3b-4850c4624b92,2022-07-09,87099,GBP,2024-05-18 07:00:25.874638,2024-05-18 07:00:25.874638
44c8f5f8-74d5-4068-b0bb-88b7e50c6c4a,2407c658-7c1b-4e8a-8a3b-4850c4624b92,2022-01-24,47524,GBP,2024-05-18 07:00:25.874638,2024-05-18 07:00:25.874638
9ae3f4e8-c249-49b4-94b0-086f97c37e6d,2407c658-7c1b-4e8a-8a3b-4850c4624b92,2022-04-03,21660,GBP,2024-05-18 07:00:25.874638,2024-05-18 07:00:25.874638
b37ceee2-2fbf-4f87-b0e7-74c3cf94c501,2407c658-7c1b-4e8a-8a3b-4850c4624b92,2022-05-25,59571,GBP,2024-05-18 07:00:25.874638,2024-05-18 07:00:25.874638
0d30a18a-9dcd-491a-ab6a-fe53c390cf69,2407c658-7c1b-4e8a-8a3b-4850c4624b92,2022-09-01,67537,GBP,2024-05-18 07:00:25.874638,2024-05-18 07:00:25.874638
a8d67c71-9cd7-4e9c-a762-229ba9b26337,e90ede65-819a-44c2-b965-1205dcd63ca6,2022-08-06,65019,AUD,2024-05-18 07:00:25.874638,2024-05-18 07:00:25.874638
19086c00-140a-484e-bbdc-e94ed8d413f9,e90ede65-819a-44c2-b965-1205dcd63ca6,2022-03-09,32235,AUD,2024-05-18 07:00:25.874638,2024-05-18 07:00:25.874638
7b208366-9f5f-46fd-b6a9-b6b7443a0a90,e90ede65-819a-44c2-b965-1205dcd63ca6,2022-12-12,47674,AUD,2024-05-18 07:00:25.874638,2024-05-18 07:00:25.874638
bdca4d13-7970-4cfe-ad09-cd92386ebc36,e90ede65-819a-44c2-b965-1205dcd63ca6,2022-10-01,14976,AUD,2024-05-18 07:00:25.874638,2024-05-18 07:00:25.874638
d02d7ef0-a521-41fb-a2d9-bad516c5903e,e90ede65-819a-44c2-b965-1205dcd63ca6,2022-08-26,66839,AUD,2024-05-18 07:00:25.874638,2024-05-18 07:00:25.874638
2b413122-5a0a-41fb-bd2e-920695911b45,4cc9a08a-932c-459b-b57a-d001c2348851,2022-12-08,15115,EUR,2024-05-18 07:00:25.874638,2024-05-18 07:00:25.874638
4035031e-fbc0-4b6f-853f-48b6ef60b225,4cc9a08a-932c-459b-b57a-d001c2348851,2022-08-30,97566,EUR,2024-05-18 07:00:25.874638,2024-05-18 07:00:25.874638
8077310b-f447-419a-bc0b-0b5b37be662e,4cc9a08a-932c-459b-b57a-d001c2348851,2022-04-18,55369,EUR,2024-05-18 07:00:25.874638,2024-05-18 07:00:25.874638
b8fd7094-ed4b-4164-a9a1-eada9c0ab2da,4cc9a08a-932c-459b-b57a-d001c2348851,2022-03-25,51904,EUR,2024-05-18 07:00:25.874638,2024-05-18 07:00:25.874638
059b4876-5c68-42c2-a394-af16ab5b4196,4cc9a08a-932c-459b-b57a-d001c2348851,2022-02-22,88228,EUR,2024-05-18 07:00:25.874638,2024-05-18 07:00:25.874638
316e9813-9527-4e96-8913-8662081cb491,d2af5568-912f-40a0-8d97-6c6e71e40d46,2022-01-17,86244,GBP,2024-05-18 07:00:25.874638,2024-05-18 07:00:25.874638
0478246c-6ee6-4995-8f26-35476decb590,d2af5568-912f-40a0-8d97-6c6e71e40d46,2022-02-09,97024,GBP,2024-05-18 07:00:25.874638,2024-05-18 07:00:25.874638
0b780d70-55ed-49fb-b067-473c3fee2f9a,d2af5568-912f-40a0-8d97-6c6e71e40d46,2022-03-14,63317,GBP,2024-05-18 07:00:25.874638,2024-05-18 07:00:25.874638
000e267b-083d-457c-b354-c9322ef97daa,d2af5568-912f-40a0-8d97-6c6e71e40d46,2022-03-13,41786,GBP,2024-05-18 07:00:25.874638,2024-05-18 07:00:25.874638
14d2f00f-1c09-4058-8c8b-f3300d9a7b10,d2af5568-912f-40a0-8d97-6c6e71e40d46,2022-02-16,41186,GBP,2024-05-18 07:00:25.874638,2024-05-18 07:00:25.874638
a2a2bbe2-a7b9-4a96-a330-18c98159e410,fac37e7e-4e3d-443a-a9ec-d2812925be3b,2022-01-15,75475,AUD,2024-05-18 07:00:25.874638,2024-05-18 07:00:25.874638
18aa1e1d-fc6c-4528-b602-0d7665024ecd,fac37e7e-4e3d-443a-a9ec-d2812925be3b,2022-08-10,94147,AUD,2024-05-18 07:00:25.874638,2024-05-18 07:00:25.874638
0b7c1a59-dd0e-4625-a73d-30ce0ac31933,fac37e7e-4e3d-443a-a9ec-d2812925be3b,2022-11-21,46516,AUD,2024-05-18 07:00:25.874638,2024-05-18 07:00:25.874638
071a8c77-371b-4ae9-87e5-441fa47d40ac,fac37e7e-4e3d-443a-a9ec-d2812925be3b,2022-09-27,48211,AUD,2024-05-18 07:00:25.874638,2024-05-18 07:00:25.874638
06f9b58c-4691-4dac-b89f-58e423344bbc,fac37e7e-4e3d-443a-a9ec-d2812925be3b,2022-07-03,49068,AUD,2024-05-18 07:00:25.874638,2024-05-18 07:00:25.874638
e10d2815-f1ef-4649-b6f9-a9f442f70897,8adad3f8-149c-4821-8e58-20557e9886f4,2022-07-25,10509,CAD,2024-05-18 07:00:25.874638,2024-05-18 07:00:25.874638
ad939a21-a5ba-4526-b86b-9b72569dbd10,8adad3f8-149c-4821-8e58-20557e9886f4,2022-04-13,70805,CAD,2024-05-18 07:00:25.874638,2024-05-18 07:00:25.874638
5f82d342-c8c1-4b21-9832-e02095762bd6,8adad3f8-149c-4821-8e58-20557e9886f4,2022-01-02,53919,CAD,2024-05-18 07:00:25.874638,2024-05-18 07:00:25.874638
5a98bbb8-0f89-470f-a47f-a488ab7a5040,8adad3f8-149c-4821-8e58-20557e9886f4,2022-04-06,91939,CAD,2024-05-18 07:00:25.874638,2024-05-18 07:00:25.874638
a83e4da2-558a-4e5d-a73a-0cdabf6ecd2e,8adad3f8-149c-4821-8e58-20557e9886f4,2022-12-07,98246,CAD,2024-05-18 07:00:25.874638,2024-05-18 07:00:25.874638
7a4f6278-1592-44f9-8bc5-1e16ae32a7f6,9aa18526-e675-4957-a83f-1538ab0fdc3e,2022-12-26,91453,AUD,2024-05-18 07:00:25.874638,2024-05-18 07:00:25.874638
6a805e4d-bace-4f32-b86b-293dfa807edf,9aa18526-e675-4957-a83f-1538ab0fdc3e,2022-09-11,38154,AUD,2024-05-18 07:00:25.874638,2024-05-18 07:00:25.874638
d776480c-375b-4a56-9e83-c8b688d07873,9aa18526-e675-4957-a83f-1538ab0fdc3e,2022-08-13,74066,AUD,2024-05-18 07:00:25.874638,2024-05-18 07:00:25.874638
6c6b8fee-14c0-400f-a2b8-d2947e997123,9aa18526-e675-4957-a83f-1538ab0fdc3e,2022-11-30,68734,AUD,2024-05-18 07:00:25.874638,2024-05-18 07:00:25.874638
49b9a421-7f3e-4cc5-85ba-25fafa82d590,9aa18526-e675-4957-a83f-1538ab0fdc3e,2022-05-16,44283,AUD,2024-05-18 07:00:25.874638,2024-05-18 07:00:25.874638