id,account_id,date,value,currency,created_at,updated_at
0e00b763-e004-4033-8c00-62a5aef9e135,bab0ea2c-410f-4608-9c04-c465deb2eaf8,2022-01-04,86236,CAD,2024-05-18 07:00:25.874638,2024-05-18 07:00:25.874638
1c3f1497-788b-4cdc-bd43-7833d19c43f8,bab0ea2c-410f-4608-9c04-c465deb2eaf8,2022-08-21,157030,CAD,2024-05-18 07:00:25.874638,2024-05-18 07:00:25.874638
0cc5aea3-7716-422c-ac4b-359ffecc1af4,bab0ea2c-410f-4608-9c04-c465deb2eaf8,2022-02-07,312814,CAD,2024-05-18 07:00:25.874638,2024-05-18 07:00:25.874638
ea2ade6c-35b2-4d74-9831-03c55688ee64,809e84a6-c368-46b2-85f5-0c3d0f415a3a,2022-09-28,478654,USD,2024-05-18 07:00:25.874638,2024-05-18 07:00:25.874638
2d48fb28-ec4d-4a28-aca9-39f7ec0324c2,809e84a6-c368-46b2-85f5-0c3d0f415a3a,2022-05-27,233778,USD,2024-05-18 07:00:25.874638,2024-05-18 07:00:25.874638
886c2497-b594-4a88-8fd1-69f01ec95b92,809e84a6-c368-46b2-85f5-0c3d0f415a3a,2022-06-01,238104,USD,2024-05-18 07:00:25.874638,2024-05-18 07:00:25.874638
6d8a326c-9467-4328-bab3-ca67eebdbdb3,875d033a-17f6-4355-9f8c-f747002bbdb7,2022-03-04,144512,JPY,2024-05-18 07:00:25.874638,2024-05-18 07:00:25.874638
aaa188f1-e9fe-4047-a42d-bac9001b7f9a,875d033a-17f6-4355-9f8c-f747002bbdb7,2022-04-13,282008,JPY,2024-05-18 07:00:25.874638,2024-05-18 07:00:25.874638
006f9450-90a5-44ca-a5fd-0ed0b9e37725,875d033a-17f6-4355-9f8c-f747002bbdb7,2022-08-28,160196,JPY,2024-05-18 07:00:25.874638,2024-05-18 07:00:25.874638
df742633-83f8-475d-9a36-07e352e29137,97e8f774-b6ad-47f7-9b91-a0cb8a3471d4,2022-04-28,415317,USD,2024-05-18 07:00:25.874638,2024-05-18 07:00:25.874638
07ffe1b3-983b-4875-b25e-c43bae105fcc,97e8f774-b6ad-47f7-9b91-a0cb8a3471d4,2022-03-03,307409,USD,2024-05-18 07:00:25.874638,2024-05-18 07:00:25.874638
2ff0a9a8-93ac-4426-9c27-1e7f22579b76,97e8f774-b6ad-47f7-9b91-a0cb8a3471d4,2022-04-04,151744,USD,2024-05-18 07:00:25.874638,2024-05-18 07:00:25.874638
3ab09446-1ea2-4086-9991-f76323b3e7ff,3b21c4aa-1b97-4924-b2e3-d49e062d8ceb,2022-03-13,68272,EUR,2024-05-18 07:00:25.874638,2024-05-18 07:00:25.874638
30d4cefd-821b-4fcc-bf77-0bd203c47f80,3b21c4aa-1b97-4924-b2e3-d49e062d8ceb,2022-12-29,412997,EUR,2024-05-18 07:00:25.874638,2024-05-18 07:00:25.874638
54865b8c-818d-44c1-9abe-f7974834e7a6,3b21c4aa-1b97-4924-b2e3-d49e062d8ceb,2022-12-22,244791,EUR,2024-05-18 07:00:25.874638,2024-05-18 07:00:25.874638
749d2362-3dff-4452-8c3d-1f446bd231e8,805b2fbb-95aa-4f4f-a45c-b1cdbc6a3fb0,2022-01-07,475130,EUR,2024-05-18 07:00:25.874638,2024-05-18 07:00:25.874638
4f82c0ab-5122-4674-84e5-9234a62be67f,805b2fbb-95aa-4f4f-a45c-b1cdbc6a3fb0,2022-09-13,456011,EUR,2024-05-18 07:00:25.874638,2024-05-18 07:00:25.874638
a3027c7a-dc6b-4714-abbb-1980fe108631,805b2fbb-95aa-4f4f-a45c-b1cdbc6a3fb0,2022-10-16,494498,EUR,2024-05-18 07:00:25.874638,2024-05-18 07:00:25.874638
6304ba43-5278-4316-80e7-e561c6e190f9,59dd4a11-8d90-4099-8d67-0462a01dacec,2022-01-10,467202,EUR,2024-05-18 07:00:25.874638,2024-05-18 07:00:25.874638
ad92a133-35f7-4939-819b-3848be5163b5,59dd4a11-8d90-4099-8d67-0462a01dacec,2022-08-06,427178,EUR,2024-05-18 07:00:25.874638,2024-05-18 07:00:25.874638
f5a47074-a4bf-432d-b123-00057c03a434,59dd4a11-8d90-4099-8d67-0462a01dacec,2022-05-11,404242,EUR,2024-05-18 07:00:25.874638,2024-05-18 07:00:25.874638
df954480-5b00-448b-b5fb-53b5b81c4e2a,31ec8b95-5d93-4c91-bc28-ded66b3bb42f,2022-05-04,28682,GBP,2024-05-18 07:00:25.874638,2024-05-18 07:00:25.874638
169d460b-4452-4164-9269-fc9ea379a58c,31ec8b95-5d93-4c91-bc28-ded66b3bb42f,2022-07-31,431457,GBP,2024-05-18 07:00:25.874638,2024-05-18 07:00:25.874638
15b77f14-459b-4873-a5d9-c135d57379b3,31ec8b95-5d93-4c91-bc28-ded66b3bb42f,2022-06-17,492417,GBP,2024-05-18 07:00:25.874638,2024-05-18 07:00:25.874638
2c613382-3fa5-41a2-af43-5cc6a2dfb5d7,3d5ec328-c0f5-4345-9c08-de5670f8cdd9,2022-12-12,316317,GBP,2024-05-18 07:00:25.874638,2024-05-18 07:00:25.874638
aaea42b1-5c59-425c-ac62-d5d86888505d,3d5ec328-c0f5-4345-9c08-de5670f8cdd9,2022-01-20,165826,GBP,2024-05-18 07:00:25.874638,2024-05-18 07:00:25.874638
ccfbc7a7-6fa0-4458-98dd-95af81470461,3d5ec328-c0f5-4345-9c08-de5670f8cdd9,2022-12-25,185360,GBP,2024-05-18 07:00:25.874638,2024-05-18 07:00:25.874638
8abe2e4d-5734-40d8-b1c0-597441111922,7eedfde4-58fb-44b4-b76e-3072b54fd901,2022-07-14,139089,GBP,2024-05-18 07:00:25.874638,2024-05-18 07:00:25.874638
aa074393-4790-42f1-b26b-938d2d9b0dc8,7eedfde4-58fb-44b4-b76e-3072b54fd901,2022-09-22,434185,GBP,2024-05-18 07:00:25.874638,2024-05-18 07:00:25.874638
7d2cc030-a074-498a-b233-eb6487359ec4,7eedfde4-58fb-44b4-b76e-3072b54fd901,2022-05-31,62731,GBP,2024-05-18 07:00:25.874638,2024-05-18 07:00:25.874638
fd59a6ef-a2c5-4527-af8d-385fe4c73846,99a24a53-be7e-461f-92cb-8bb68a24f34f,2022-11-17,299601,USD,2024-05-18 07:00:25.874638,2024-05-18 07:00:25.874638
1de81d32-6d7b-46ad-93bd-f5479ad081cf,99a24a53-be7e-461f-92cb-8bb68a24f34f,2022-02-05,214033,USD,2024-05-18 07:00:25.874638,2024-05-18 07:00:25.874638
aedad24a-6ec9-48e3-bfe9-ce9fb9e0ca26,99a24a53-be7e-461f-92cb-8bb68a24f34f,2022-08-28,153946,USD,2024-05-18 07:00:25.874638,2024-05-18 07:00:25.874638
d6e75f6c-4075-4e90-b89c-4af12790eafe,16a70a23-717b-44ae-8363-9e7313233a23,2022-11-22,172213,JPY,2024-05-18 07:00:25.874638,2024-05-18 07:00:25.874638
aa0aaf77-d070-4a5d-a100-97562fd520d0,16a70a23-717b-44ae-8363-9e7313233a23,2022-04-02,168876,JPY,2024-05-18 07:00:25.874638,2024-05-18 07:00:25.874638
daf5be3a-9b19-4a65-80cb-7b565dbea822,16a70a23-717b-44ae-8363-9e7313233a23,2022-11-10,239677,JPY,2024-05-18 07:00:25.874638,2024-05-18 07:00:25.874638
57cbbde5-0f58-4465-97a1-0d5cbf83f9f4,bf113b17-a6c3-430f-9598-eab8f2a04100,2022-05-07,189847,AUD,2024-05-18 07:00:25.874638,2024-05-18 07:00:25.874638
324087cf-162f-4a27-bdc4-da3469fc635e,bf113b17-a6c3-430f-9598-eab8f2a04100,2022-12-29,414934,AUD,2024-05-18 07:00:25.874638,2024-05-18 07:00:25.874638
9e01cb00-35d6-4520-a33d-03083cae58a4,bf113b17-a6c3-430f-9598-eab8f2a04100,2022-10-23,335188,AUD,2024-05-18 07:00:25.874638,2024-05-18 07:00:25.874638
2473e08c-cc72-44a0-b339-70291472a0c2,21915f18-d577-48c2-8f98-4c7536d84ce1,2022-11-06,341195,USD,2024-05-18 07:00:25.874638,2024-05-18 07:00:25.874638
bfdb6c7e-415a-4151-ac59-3135b964b4d1,21915f18-d577-48c2-8f98-4c7536d84ce1,2022-08-23,487813,USD,2024-05-18 07:00:25.874638,2024-05-18 07:00:25.874638
038b8b67-4642-41ff-8473-9322fff549e0,21915f18-d577-48c2-8f98-4c7536d84ce1,2022-03-07,428772,USD,2024-05-18 07:00:25.874638,2024-05-18 07:00:25.874638
826525e1-401e-4355-b69c-b1b55950f274,237bacf7-dfab-4514-b47c-72c18729e2a3,2022-10-07,413212,USD,2024-05-18 07:00:25.874638,2024-05-18 07:00:25.874638
744c0130-5ad5-45a3-abff-43ed98d90ac8,237bacf7-dfab-4514-b47c-72c18729e2a3,2022-12-11,271901,USD,2024-05-18 07:00:25.874638,2024-05-18 07:00:25.874638
19e434a8-ea20-4846-8f45-30946477dcd9,237bacf7-dfab-4514-b47c-72c18729e2a3,2022-08-29,496976,USD,2024-05-18 07:00:25.874638,2024-05-18 07:00:25.874638
4981651e-fd69-4c6e-893a-94a19e691853,b5aa16dc-49c0-426c-a074-569a383a99fa,2022-02-14,210150,EUR,2024-05-18 07:00:25.874638,2024-05-18 07:00:25.874638
3089a4e5-bfda-4a26-ac12-ecd14024fede,b5aa16dc-49c0-426c-a074-569a383a99fa,2022-12-28,390955,EUR,2024-05-18 07:00:25.874638,2024-05-18 07:00:25.874638
a227cb92-9f5b-48a2-91b0-1de7b93a57a3,b5aa16dc-49c0-426c-a074-569a383a99fa,2022-09-26,390890,EUR,2024-05-18 07:00:25.874638,2024-05-18 07:00:25.874638
9e356ac5-8054-4371-8094-b5127d262e7d,a94dd718-fa7d-4e2a-a81d-1fdec6be3973,2022-01-23,52405,GBP,2024-05-18 07:00:25.874638,2024-05-18 07:00:25.874638
60332bc3-820d-4a65-a741-4d2730be80f3,a94dd718-fa7d-4e2a-a81d-1fdec6be3973,2022-09-25,436198,GBP,2024-05-18 07:00:25.874638,2024-05-18 07:00:25.874638
6c90cb6e-bd4f-4fd6-b883-657e5440b210,a94dd718-fa7d-4e2a-a81d-1fdec6be3973,2022-04-27,481270,GBP,2024-05-18 07:00:25.874638,2024-05-18 07:00:25.874638
7266368d-35c4-4290-8d1e-89ee6702ae68,fed4b5d4-1e5c-4c69-a509-553c3b4e6878,2022-04-21,451155,JPY,2024-05-18 07:00:25.874638,2024-05-18 07:00:25.874638
dd7aeabd-5aef-47db-bd2f-53ce5a584d28,fed4b5d4-1e5c-4c69-a509-553c3b4e6878,2022-10-21,410492,JPY,2024-05-18 07:00:25.874638,2024-05-18 07:00:25.874638
fb21dc3c-0bcc-4405-9dbf-5a9d6aac8804,fed4b5d4-1e5c-4c69-a509-553c3b4e6878,2022-12-16,410317,JPY,2024-05-18 07:00:25.874638,2024-05-18 07:00:25.874638
5a99e6f1-d327-497e-88c0-5330a42ff4e3,33782e94-5ad6-4aee-9457-75baef986a9c,2022-10-15,388498,CAD,2024-05-18 07:00:25.874638,2024-05-18 07:00:25.874638
324b2644-d262-463b-95ff-e9edd23156c3,33782e94-5ad6-4aee-9457-75baef986a9c,2022-10-03,433341,CAD,2024-05-18 07:00:25.874638,2024-05-18 07:00:25.874638
d28ed6e8-74db-420d-a872-dae82727dbc4,33782e94-5ad6-4aee-9457-75baef986a9c,2022-10-22,335986,CAD,2024-05-18 07:00:25.874638,2024-05-18 07:00:25.874638
ded5c9fb-e4f4-469b-8abd-4dcf50a5ddda,f0b4725b-5e9f-45e8-9a60-b9f9c98b4429,2022-02-20,335285,EUR,2024-05-18 07:00:25.874638,2024-05-18 07:00:25.874638
a904a564-925e-4904-a3f9-b34a749a60c4,f0b4725b-5e9f-45e8-9a60-b9f9c98b4429,2022-11-07,309552,EUR,2024-05-18 07:00:25.874638,2024-05-18 07:00:25.874638
acf2c67e-10e4-4347-8c30-722bfc454170,f0b4725b-5e9f-45e8-9a60-b9f9c98b4429,2022-03-31,460898,EUR,2024-05-18 07:00:25.874638,2024-05-18 07:00:25.874638
a6f9b880-22c2-457a-add7-8dbef18b1b75,689c7422-c1b7-4ac4-8d4b-9eaf80c087e6,2022-11-05,76399,CAD,2024-05-18 07:00:25.874638,2024-05-18 07:00:25.874638
5287d0cf-f9cd-4d3f-819f-7fdec0f3913e,689c7422-c1b7-4ac4-8d4b-9eaf80c087e6,2022-07-24,190771,CAD,2024-05-18 07:00:25.874638,2024-05-18 07:00:25.874638
deffbe59-dcca-47c9-84ff-3e570d5079f3,689c7422-c1b7-4ac4-8d4b-9eaf80c087e6,2022-11-12,357082,CAD,2024-05-18 07:00:25.874638,2024-05-18 07:00:25.874638
9bf62b4e-d06f-4068-ab5b-faa8b6b52e33,419cd90a-6d1b-4555-9e47-60f5e37cc399,2022-02-24,184924,CAD,2024-05-18 07:00:25.874638,2024-05-18 07:00:25.874638
a2936c0c-b3d9-43a4-ad8f-8a5fbdad847b,419cd90a-6d1b-4555-9e47-60f5e37cc399,2022-04-16,167386,CAD,2024-05-18 07:00:25.874638,2024-05-18 07:00:25.874638
b20a1819-de0d-4943-8439-d31bee7a2605,419cd90a-6d1b-4555-9e47-60f5e37cc399,2022-10-16,414731,CAD,2024-05-18 07:00:25.874638,2024-05-18 07:00:25.874638
ff382941-7cb0-40b7-918c-dc28f2a3f20b,c09df34b-47c2-4c07-b944-5eafda920ab6,2022-11-24,86900,JPY,2024-05-18 07:00:25.874638,2024-05-18 07:00:25.874638
e5f5e95c-38d6-4acf-8227-864a95cda5f7,c09df34b-47c2-4c07-b944-5eafda920ab6,2022-02-07,280915,JPY,2024-05-18 07:00:25.874638,2024-05-18 07:00:25.874638
4d82719d-a5d1-4196-b6c9-5dc878314932,c09df34b-47c2-4c07-b944-5eafda920ab6,2022-08-06,301404,JPY,2024-05-18 07:00:25.874638,2024-05-18 07:00:25.874638
84d69dec-e9c0-4e2b-9465-8f351b0536e1,78f9052f-1af7-432c-b31b-1275d968aa10,2022-10-28,433634,EUR,2024-05-18 07:00:25.874638,2024-05-18 07:00:25.874638
8e5628cd-0fe7-4da0-8ade-b1fb3445100f,78f9052f-1af7-432c-b31b-1275d968aa10,2022-06-28,36276,EUR,2024-05-18 07:00:25.874638,2024-05-18 07:00:25.874638
876a5387-8e69-4695-9d30-2b68d559c643,78f9052f-1af7-432c-b31b-1275d968aa10,2022-03-17,156255,EUR,2024-05-18 07:00:25.874638,2024-05-18 07:00:25.874638
9772f434-8a46-4ca1-af3c-03d287e80fbf,514fc295-06b0-47d2-9c15-faca7987dcb8,2022-07-14,433624,AUD,2024-05-18 07:00:25.874638,2024-05-18 07:00:25.874638
9d5a9d20-3763-43ce-9fa8-4da8d7dfa220,514fc295-06b0-47d2-9c15-faca7987dcb8,2022-12-24,184546,AUD,2024-05-18 07:00:25.874638,2024-05-18 07:00:25.874638
de9dc76e-d41b-431f-87bc-e7c31110017c,514fc295-06b0-47d2-9c15-faca7987dcb8,2022-08-24,68002,AUD,2024-05-18 07:00:25.874638,2024-05-18 07:00:25.874638
7e0c3b72-c41b-4420-b3c9-02e3a9812ad6,98135f67-e98e-4891-8b39-fff8e63498b3,2022-05-15,279640,JPY,2024-05-18 07:00:25.874638,2024-05-18 07:00:25.874638
8c045038-436a-4534-a3c0-be76e79cf136,98135f67-e98e-4891-8b39-fff8e63498b3,2022-06-14,142635,JPY,2024-05-18 07:00:25.874638,2024-05-18 07:00:25.874638
5e94b6d7-98a2-45b9-abc5-35fbee91fa7e,98135f67-e98e-4891-8b39-fff8e63498b3,2022-05-08,229669,JPY,2024-05-18 07:00:25.874638,2024-05-18 07:00:25.874638
56c73dd2-7682-4d01-9304-21842b07653f,85e5932c-f4c0-4ce8-94f0-b7a3a8e291a0,2022-11-29,83106,AUD,2024-05-18 07:00:25.874638,2024-05-18 07:00:25.874638
c087b89f-0926-4143-9dbf-d0cbeb6758eb,85e5932c-f4c0-4ce8-94f0-b7a3a8e291a0,2022-08-17,373492,AUD,2024-05-18 07:00:25.874638,2024-05-18 07:00:25.874638
037be930-5386-4ca6-a3b6-e9c9e1aa0521,85e5932c-f4c0-4ce8-94f0-b7a3a8e291a0,2022-02-19,300205,AUD,2024-05-18 07:00:25.874638,2024-05-18 07:00:25.874638
cc5c54b8-98cb-45f4-a662-f7327e31417d,faf9dbae-bae1-44fc-b918-cf9e53a814cd,2022-10-29,309242,EUR,2024-05-18 07:00:25.874638,2024-05-18 07:00:25.874638
e360b96a-340b-4872-9410-b3eb7795758b,faf9dbae-bae1-44fc-b918-cf9e53a814cd,2022-11-19,201218,EUR,2024-05-18 07:00:25.874638,2024-05-18 07:00:25.874638
c3cc1f44-e25e-4f99-8cfe-5c207ad77134,faf9dbae-bae1-44fc-b918-cf9e53a814cd,2022-07-30,433350,EUR,2024-05-18 07:00:25.874638,2024-05-18 07:00:25.874638
338f9607-b620-4cd8-a5a0-dfdf32a3999f,ee3392cf-a06b-40a2-a5b4-ddf4de8b7c75,2022-10-26,242175,USD,2024-05-18 07:00:25.874638,2024-05-18 07:00:25.874638
6769b294-b85e-4328-a88a-e1a330b15b72,ee3392cf-a06b-40a2-a5b4-ddf4de8b7c75,2022-05-04,421478,USD,2024-05-18 07:00:25.874638,2024-05-18 07:00:25.874638
c216aa1e-63db-4df8-bcb2-204fae774fcb,ee3392cf-a06b-40a2-a5b4-ddf4de8b7c75,2022-03-11,360276,USD,2024-05-18 07:00:25.874638,2024-05-18 07:00:25.874638
50fb2afc-7653-42ca-90c7-8707adad63fc,5f4639aa-0dfe-4742-b6d3-dd80011da42b,2022-02-22,192816,USD,2024-05-18 07:00:25.874638,2024-05-18 07:00:25.874638
6c7d1286-36a6-4ca6-934b-151b4a5e0c60,5f4639aa-0dfe-4742-b6d3-dd80011da42b,2022-06-01,343564,USD,2024-05-18 07:00:25.874638,2024-05-18 07:00:25.874638
112df3cd-1f82-49e5-8b57-dba5e1eab5cb,5f4639aa-0dfe-4742-b6d3-dd80011da42b,2022-12-21,355858,USD,2024-05-18 07:00:25.874638,2024-05-18 07:00:25.874638
846219e9-904d-42f2-a604-0b9d9a5b4b0b,c8c82a6c-3de0-4ae2-a124-1e0e652e2f93,2022-05-01,325561,EUR,2024-05-18 07:00:25.874638,2024-05-18 07:00:25.874638
3abd988d-6ecd-4643-867d-ad4c0e016bf7,c8c82a6c-3de0-4ae2-a124-1e0e652e2f93,2022-01-21,43214,EUR,2024-05-18 07:00:25.874638,2024-05-18 07:00:25.874638
bcbc90b6-1816-4361-82ac-d8002c682a88,c8c82a6c-3de0-4ae2-a124-1e0e652e2f93,2022-05-08,393903,EUR,2024-05-18 07:00:25.874638,2024-05-18 07:00:25.874638
21a351f5-f8d5-4c0f-a54a-e69332317a2f,f326c3be-6c1a-4321-8372-a89a6bdbe02f,2022-12-31,368466,CAD,2024-05-18 07:00:25.874638,2024-05-18 07:00:25.874638
3d8bbbcc-09fc-4064-88c1-15f47cbccce7,f326c3be-6c1a-4321-8372-a89a6bdbe02f,2022-05-29,461934,CAD,2024-05-18 07:00:25.874638,2024-05-18 07:00:25.874638
20053844-30c0-4b3f-920c-5922cd0ed8f7,f326c3be-6c1a-4321-8372-a89a6bdbe02f,2022-02-19,62619,CAD,2024-05-18 07:00:25.874638,2024-05-18 07:00:25.874638
25ee627a-b22f-4c23-8f46-34375e9cefff,b1ae9a73-9dfd-4c77-a2ca-623d04c824ec,2022-01-19,451310,USD,2024-05-18 07:00:25.874638,2024-05-18 07:00:25.874638
aa8ce977-331c-4d26-9fba-1e424a804dd2,b1ae9a73-9dfd-4c77-a2ca-623d04c824ec,2022-02-02,23614,USD,2024-05-18 07:00:25.874638,2024-05-18 07:00:25.874638
2a49ab84-5ac6-455d-acbd-dd5c3708b3d1,b1ae9a73-9dfd-4c77-a2ca-623d04c824ec,2022-01-07,92552,USD,2024-05-18 07:00:25.874638,2024-05-18 07:00:25.874638
c06efea8-c98e-4808-a872-99cf85c77b3c,421bc9bc-8153-4327-ae81-e7f3a89d847c,2022-10-16,419891,JPY,2024-05-18 07:00:25.874638,2024-05-18 07:00:25.874638
d62d7a02-b3a7-4c2b-b9fe-46cdfc1f85f2,421bc9bc-8153-4327-ae81-e7f3a89d847c,2022-02-11,64427,JPY,2024-05-18 07:00:25.874638,2024-05-18 07:00:25.874638
d94e8cdf-6a12-4638-9d13-705e7f090603,421bc9bc-8153-4327-ae81-e7f3a89d847c,2022-12-23,210004,JPY,2024-05-18 07:00:25.874638,2024-05-18 07:00:25.874638
146b627d-df37-469f-a05a-ee98c16e9eb7,d80bda90-bd18-4a4d-b749-5ba44fc80cb8,2022-01-01,492291,USD,2024-05-18 07:00:25.874638,2024-05-18 07:00:25.874638
8e38d09c-5cf4-4a58-9294-c747bfe60f49,d80bda90-bd18-4a4d-b749-5ba44fc80cb8,2022-06-13,393021,USD,2024-05-18 07:00:25.874638,2024-05-18 07:00:25.874638
0924f5b2-b90d-43cb-9997-58cb853c4a6e,d80bda90-bd18-4a4d-b749-5ba44fc80cb8,2022-02-07,114385,USD,2024-05-18 07:00:25.874638,2024-05-18 07:00:25.874638
0181632f-7e21-4d9e-8011-af51668b0cc0,0802ca07-fe2f-47ae-92be-e02dbacb4fc3,2022-07-28,65553,JPY,2024-05-18 07:00:25.874638,2024-05-18 07:00:25.874638
a153d595-0622-464e-b7fa-d18322ae0d6e,0802ca07-fe2f-47ae-92be-e02dbacb4fc3,2022-02-01,83923,JPY,2024-05-18 07:00:25.874638,2024-05-18 07:00:25.874638
93bf39bf-6cac-44dc-9377-0bb091de74e8,0802ca07-fe2f-47ae-92be-e02dbacb4fc3,2022-01-16,91859,JPY,2024-05-18 07:00:25.874638,2024-05-18 07:00:25.874638
0070f585-ae7f-42ed-a9e7-c1939d4b6ca8,7a9fa897-a1d0-4597-bee2-a8056ee9418d,2022-09-15,462363,USD,2024-05-18 07:00:25.874638,2024-05-18 07:00:25.874638
294807b3-2920-4928-b9eb-2391d16a07e9,7a9fa897-a1d0-4597-bee2-a8056ee9418d,2022-06-07,428766,USD,2024-05-18 07:00:25.874638,2024-05-18 07:00:25.874638
bceaa0b5-81fe-4be4-96b1-7a8a108fb5b0,7a9fa897-a1d0-4597-bee2-a8056ee9418d,2022-03-01,331167,USD,2024-05-18 07:00:25.874638,2024-05-18 07:00:25.874638
631886a4-9ee2-48e9-a5e8-12dd26694965,8df730bf-42a4-4261-9db3-3e94841fef3c,2022-08-24,337623,USD,2024-05-18 07:00:25.874638,2024-05-18 07:00:25.874638
fc0b5ac1-cf2c-4bda-ac5c-b7634d701cd3,8df730bf-42a4-4261-9db3-3e94841fef3c,2022-11-18,243300,USD,2024-05-18 07:00:25.874638,2024-05-18 07:00:25.874638
1c8e5406-aa1c-4802-97e5-4915ae403faf,e2bcd01f-5dfe-49a2-8449-050bd4b291ea,2022-10-21,109874,EUR,2024-05-18 07:00:25.874638,2024-05-18 07:00:25.874638
ca9bc663-1a30-4725-af2e-d330160d96ca,e2bcd01f-5dfe-49a2-8449-050bd4b291ea,2022-01-01,126701,EUR,2024-05-18 07:00:25.874638,2024-05-18 07:00:25.874638
a925aa33-9760-49a7-bb56-b8c82f4ed326,e2bcd01f-5dfe-49a2-8449-050bd4b291ea,2022-08-21,397237,EUR,2024-05-18 07:00:25.874638,2024-05-18 07:00:25.874638
1322a4f0-c46f-48ed-8a76-64cf916c5d85,050c586e-d8ed-48e3-94e7-9c50129b8553,2022-04-21,289579,USD,2024-05-18 07:00:25.874638,2024-05-18 07:00:25.874638
6dd0fff1-41dc-4cc8-92b9-6710a0db2b28,050c586e-d8ed-48e3-94e7-9c50129b8553,2022-09-25,118224,USD,2024-05-18 07:00:25.874638,2024-05-18 07:00:25.874638
f0e44554-2b82-4eb3-89b0-a4275fb65d1f,050c586e-d8ed-48e3-94e7-9c50129b8553,2022-11-18,127119,USD,2024-05-18 07:00:25.874638,2024-05-18 07:00:25.874638
3a7d2605-77d2-455d-91ab-bdddc49cda6b,428f5185-155c-4c73-a956-7fd05e5eaeba,2022-07-15,175208,AUD,2024-05-18 07:00:25.874638,2024-05-18 07:00:25.874638
85f492d4-5fe2-4a5e-9463-5a67198a8830,428f5185-155c-4c73-a956-7fd05e5eaeba,2022-09-22,434822,AUD,2024-05-18 07:00:25.874638,2024-05-18 07:00:25.874638
8362a31c-6c0d-49e7-bc05-5527dd8d4276,428f5185-155c-4c73-a956-7fd05e5eaeba,2022-07-31,144530,AUD,2024-05-18 07:00:25.874638,2024-05-18 07:00:25.874638
15ae5f66-33f7-4712-b9e7-804f49b32803,564e23b6-c395-48de-998d-0279738a8803,2022-10-15,215254,AUD,2024-05-18 07:00:25.874638,2024-05-18 07:00:25.874638
7af717da-33bc-40db-bc39-cb9ea931a5b8,564e23b6-c395-48de-998d-0279738a8803,2022-10-01,309258,AUD,2024-05-18 07:00:25.874638,2024-05-18 07:00:25.874638
19ce778b-a3dc-46c1-8a33-e9284e1f1e88,564e23b6-c395-48de-998d-0279738a8803,2022-05-16,357652,AUD,2024-05-18 07:00:25.874638,2024-05-18 07:00:25.874638
80b0fce8-7d36-4762-a10e-959db3144296,28b30aca-fedf-4f0e-bc7a-4f097e7855e7,2022-07-30,33593,EUR,2024-05-18 07:00:25.874638,2024-05-18 07:00:25.874638
d57d8e5d-61a5-4835-bbbd-368367ee8d82,28b30aca-fedf-4f0e-bc7a-4f097e7855e7,2022-04-30,295885,EUR,2024-05-18 07:00:25.874638,2024-05-18 07:00:25.874638
d52a0a2d-749b-4c2f-9fd8-3d702e9acf9b,28b30aca-fedf-4f0e-bc7a-4f097e7855e7,2022-08-13,190182,EUR,2024-05-18 07:00:25.874638,2024-05-18 07:00:25.874638
ea73617e-7629-4194-95db-f43bcd4a7990,dbf19255-2599-4469-8354-7934c78b03ea,2022-11-10,377826,AUD,2024-05-18 07:00:25.874638,2024-05-18 07:00:25.874638
dd88d85c-921a-4660-ad5d-13c9b444403c,dbf19255-2599-4469-8354-7934c78b03ea,2022-07-26,100339,AUD,2024-05-18 07:00:25.874638,2024-05-18 07:00:25.874638
6c580359-8314-4652-a11b-d4edb8088735,dbf19255-2599-4469-8354-7934c78b03ea,2022-11-07,227981,AUD,2024-05-18 07:00:25.874638,2024-05-18 07:00:25.874638
d7ddca03-2d55-41ab-bc47-4ba69e1f4a09,8d6a7f3c-9554-46ab-8db2-212bdae1ae2a,2022-01-01,252398,GBP,2024-05-18 07:00:25.874638,2024-05-18 07:00:25.874638
80673603-a63b-434e-a157-23ceaaadeda5,8d6a7f3c-9554-46ab-8db2-212bdae1ae2a,2022-07-27,78556,GBP,2024-05-18 07:00:25.874638,2024-05-18 07:00:25.874638
c9199c6d-5399-4e88-9deb-f32afbfb78fc,8d6a7f3c-9554-46ab-8db2-212bdae1ae2a,2022-04-27,470954,GBP,2024-05-18 07:00:25.874638,2024-05-18 07:00:25.874638
ef0c5654-2989-4fd4-9fe9-604720942431,3f8ba3da-3e49-4354-bdcb-8d5a3e023438,2022-10-22,360334,GBP,2024-05-18 07:00:25.874638,2024-05-18 07:00:25.874638
d2f1443b-c049-4694-8906-ea6bdfbb7829,3f8ba3da-3e49-4354-bdcb-8d5a3e023438,2022-03-15,481801,GBP,2024-05-18 07:00:25.874638,2024-05-18 07:00:25.874638
e1ca201c-6219-4984-ada1-e24e863ad9d8,3f8ba3da-3e49-4354-bdcb-8d5a3e023438,2022-03-05,74473,GBP,2024-05-18 07:00:25.874638,2024-05-18 07:00:25.874638
6beb4e88-a62c-44a5-8eba-8dd74f83f56d,62f6d355-b6e5-4ac9-8ca6-59a88e5a874e,2022-12-08,53354,JPY,2024-05-18 07:00:25.874638,2024-05-18 07:00:25.874638
93b6ef53-f67e-4d7c-8ee1-9c25a03c0e38,62f6d355-b6e5-4ac9-8ca6-59a88e5a874e,2022-11-02,487816,JPY,2024-05-18 07:00:25.874638,2024-05-18 07:00:25.874638
fce5cb85-786a-44d1-9212-3650ac12bef2,62f6d355-b6e5-4ac9-8ca6-59a88e5a874e,2022-02-24,428316,JPY,2024-05-18 07:00:25.874638,2024-05-18 07:00:25.874638
7171ffbb-602d-41f1-adb8-4e3f5d5320eb,e01c645f-71c9-483d-80ab-da2ea0937cef,2022-06-19,404866,CAD,2024-05-18 07:00:25.874638,2024-05-18 07:00:25.874638
b7c36b5e-9a72-4e46-8dc0-0027ca724f16,e01c645f-71c9-483d-80ab-da2ea0937cef,2022-03-18,443566,CAD,2024-05-18 07:00:25.874638,2024-05-18 07:00:25.874638
f7df16db-7fdd-49f3-ae55-cf247b772b6a,e01c645f-71c9-483d-80ab-da2ea0937cef,2022-11-18,14873,CAD,2024-05-18 07:00:25.874638,2024-05-18 07:00:25.874638
0c510f62-a78b-45b4-99ce-a056a2e8f6ee,9c6a139b-39fd-4fbc-825f-edf7252bed57,2022-10-28,343228,AUD,2024-05-18 07:00:25.874638,2024-05-18 07:00:25.874638
934aa7ba-04e0-461b-aa49-5850b5507c5a,9c6a139b-39fd-4fbc-825f-edf7252bed57,2022-04-19,145264,AUD,2024-05-18 07:00:25.874638,2024-05-18 07:00:25.874638
47309888-c8c8-40bc-b45e-6cf42abf78f5,9c6a139b-39fd-4fbc-825f-edf7252bed57,2022-10-30,332083,AUD,2024-05-18 07:00:25.874638,2024-05-18 07:00:25.874638
79e0bea0-b4df-4e4a-8fc6-7a2556132fd4,93f158a2-85a0-47aa-9781-33c8664f544f,2022-05-06,102956,USD,2024-05-18 07:00:25.874638,2024-05-18 07:00:25.874638
c775d3ad-199d-4bf8-b899-b310bc4be19a,93f158a2-85a0-47aa-9781-33c8664f544f,2022-02-08,127345,USD,2024-05-18 07:00:25.874638,2024-05-18 07:00:25.874638
dbbf8339-5400-4c05-8b2f-49d196ffe8d7,93f158a2-85a0-47aa-9781-33c8664f544f,2022-10-03,224078,USD,2024-05-18 07:00:25.874638,2024-05-18 07:00:25.874638
00c0e6e0-5602-4cb0-9009-bb1be97032d6,fe6c87e7-cce3-4e33-8bc0-6e71f8e76aba,2022-03-12,342162,EUR,2024-05-18 07:00:25.874638,2024-05-18 07:00:25.874638
c4d8a453-739b-475b-8956-226f5d837218,fe6c87e7-cce3-4e33-8bc0-6e71f8e76aba,2022-11-02,27126,EUR,2024-05-18 07:00:25.874638,2024-05-18 07:00:25.874638
27e836f2-d3fa-4cfa-9e87-1d06f006557d,fe6c87e7-cce3-4e33-8bc0-6e71f8e76aba,2022-02-02,31919,EUR,2024-05-18 07:00:25.874638,2024-05-18 07:00:25.874638
34c65c08-b5fa-4d2a-8dfd-3ab08f568944,a1d9354d-32ee-44f7-9087-4913773647b2,2022-08-05,336085,JPY,2024-05-18 07:00:25.874638,2024-05-18 07:00:25.874638
f1b9229e-dd6b-4d98-b8a8-2883a736892e,a1d9354d-32ee-44f7-9087-4913773647b2,2022-12-04,141660,JPY,2024-05-18 07:00:25.874638,2024-05-18 07:00:25.874638
5515e2fc-b85d-4cea-9562-38830ec8f0a1,a1d9354d-32ee-44f7-9087-4913773647b2,2022-03-04,425279,JPY,2024-05-18 07:00:25.874638,2024-05-18 07:00:25.874638
924a5618-75ea-45f8-b051-ff970ffa6991,a6eed76c-e146-469b-a9d8-cd8956b3958b,2022-05-30,273415,CAD,2024-05-18 07:00:25.874638,2024-05-18 07:00:25.874638
6e9fbbb6-c5a1-43be-8205-0819d6b91c00,a6eed76c-e146-469b-a9d8-cd8956b3958b,2022-11-11,64898,CAD,2024-05-18 07:00:25.874638,2024-05-18 07:00:25.874638
b013da26-7b90-4210-bc13-1d5746f37ce3,a6eed76c-e146-469b-a9d8-cd8956b3958b,2022-11-21,305841,CAD,2024-05-18 07:00:25.874638,2024-05-18 07:00:25.874638
eadac42c-eedf-4f5c-9452-fa494a7ebf01,2407c658-7c1b-4e8a-8a3b-4850c4624b92,2022-04-09,228464,GBP,2024-05-18 07:00:25.874638,2024-05-18 07:00:25.874638
cb2680b1-4642-4278-8546-d778cf13bbb0,2407c658-7c1b-4e8a-8a3b-4850c4624b92,2022-08-07,430717,GBP,2024-05-18 07:00:25.874638,2024-05-18 07:00:25.874638
07bb5c56-e78b-4fcb-a245-da93220a2625,2407c658-7c1b-4e8a-8a3b-4850c4624b92,2022-04-16,424214,GBP,2024-05-18 07:00:25.874638,2024-05-18 07:00:25.874638
61ad4dbc-ebda-4f9c-902b-f57cdda06557,e90ede65-819a-44c2-b965-1205dcd63ca6,2022-07-25,350351,AUD,2024-05-18 07:00:25.874638,2024-05-18 07:00:25.874638
945da897-565d-4dae-bfa1-91574bdafa30,e90ede65-819a-44c2-b965-1205dcd63ca6,2022-07-22,474716,AUD,2024-05-18 07:00:25.874638,2024-05-18 07:00:25.874638
a1ac65a2-fd35-414b-93ce-029cc28de771,e90ede65-819a-44c2-b965-1205dcd63ca6,2022-01-22,36815,AUD,2024-05-18 07:00:25.874638,2024-05-18 07:00:25.874638
6fdd0a9d-f693-4378-ad6e-92f1e53c50da,4cc9a08a-932c-459b-b57a-d001c2348851,2022-03-06,178296,EUR,2024-05-18 07:00:25.874638,2024-05-18 07:00:25.874638
684af7c2-0af5-4632-999f-d3e4e36d696e,4cc9a08a-932c-459b-b57a-d001c2348851,2022-03-21,460380,EUR,2024-05-18 07:00:25.874638,2024-05-18 07:00:25.874638
8943d68f-cb1b-4f9f-b871-9f1a967718e7,4cc9a08a-932c-459b-b57a-d001c2348851,2022-01-09,169060,EUR,2024-05-18 07:00:25.874638,2024-05-18 07:00:25.874638
80a79803-4036-43a9-b55d-7ba79ca3360c,d2af5568-912f-40a0-8d97-6c6e71e40d46,2022-09-06,340344,GBP,2024-05-18 07:00:25.874638,2024-05-18 07:00:25.874638
7836ddfb-2715-43d1-a45d-64e48e4dd101,d2af5568-912f-40a0-8d97-6c6e71e40d46,2022-12-15,139009,GBP,2024-05-18 07:00:25.874638,2024-05-18 07:00:25.874638
5554cbb2-6c51-4bf2-b5f5-e98b13361131,d2af5568-912f-40a0-8d97-6c6e71e40d46,2022-09-16,236737,GBP,2024-05-18 07:00:25.874638,2024-05-18 07:00:25.874638
6eac5ba1-2893-469b-9ef5-8ea237efbe5f,fac37e7e-4e3d-443a-a9ec-d2812925be3b,2022-05-17,205208,AUD,2024-05-18 07:00:25.874638,2024-05-18 07:00:25.874638
03f7def9-2fe4-442b-969d-e67b7fc2488e,fac37e7e-4e3d-443a-a9ec-d2812925be3b,2022-12-25,12128,AUD,2024-05-18 07:00:25.874638,2024-05-18 07:00:25.874638
c1b6f8af-48bd-43e5-8351-cbe0477d87c6,fac37e7e-4e3d-443a-a9ec-d2812925be3b,2022-05-15,169571,AUD,2024-05-18 07:00:25.874638,2024-05-18 07:00:25.874638
e6866ce5-0bde-461f-bc24-65efd5b71d07,8adad3f8-149c-4821-8e58-20557e9886f4,2022-10-20,293226,CAD,2024-05-18 07:00:25.874638,2024-05-18 07:00:25.874638
5c0491d4-46b2-42a3-bb33-e88705650643,8adad3f8-149c-4821-8e58-20557e9886f4,2022-09-18,163846,CAD,2024-05-18 07:00:25.874638,2024-05-18 07:00:25.874638
3c595425-4a76-401b-8dcb-1816e18e855e,8adad3f8-149c-4821-8e58-20557e9886f4,2022-11-28,183820,CAD,2024-05-18 07:00:25.874638,2024-05-18 07:00:25.874638
7dcd8be5-9e10-4bb4-bf86-938f3c22cefb,9aa18526-e675-4957-a83f-1538ab0fdc3e,2022-03-29,15680,AUD,2024-05-18 07:00:25.874638,2024-05-18 07:00:25.874638
46316a27-318e-426d-8f13-ab44995f8bf9,9aa18526-e675-4957-a83f-1538ab0fdc3e,2022-06-21,161158,AUD,2024-05-18 07:00:25.874638,2024-05-18 07:00:25.874638
585c00c6-3549-4713-a5fd-d952a65f80f0,9aa18526-e675-4957-a83f-1538ab0fdc3e,2022-08-06,325292,AUD,2024-05-18 07:00:25.874638,2024-05-18 07:00:25.874638